Loc,Loc_name,Lon,Lat,PPI_RF01,PPI_RF_raw,PPI_RF_hat,PPI01,PPI_raw,PPI_hat,wc_bio01,wc_bio02,wc_bio03,wc_bio04,wc_bio05,wc_bio06,wc_bio07,wc_bio08,wc_bio09,wc_bio10,wc_bio11,wc_bio12,wc_bio13,wc_bio14,wc_bio15,wc_bio16,wc_bio17,wc_bio18,wc_bio19,wc_tavg_m01,wc_tavg_m02,wc_tavg_m03,wc_tavg_m04,wc_tavg_m05,wc_tavg_m06,wc_tavg_m07,wc_tavg_m08,wc_tavg_m09,wc_tavg_m10,wc_tavg_m11,wc_tavg_m12,wc_tmin_m01,wc_tmin_m02,wc_tmin_m03,wc_tmin_m04,wc_tmin_m05,wc_tmin_m06,wc_tmin_m07,wc_tmin_m08,wc_tmin_m09,wc_tmin_m10,wc_tmin_m11,wc_tmin_m12,wc_tmax_m01,wc_tmax_m02,wc_tmax_m03,wc_tmax_m04,wc_tmax_m05,wc_tmax_m06,wc_tmax_m07,wc_tmax_m08,wc_tmax_m09,wc_tmax_m10,wc_tmax_m11,wc_tmax_m12,wc_prec_m01,wc_prec_m02,wc_prec_m03,wc_prec_m04,wc_prec_m05,wc_prec_m06,wc_prec_m07,wc_prec_m08,wc_prec_m09,wc_prec_m10,wc_prec_m11,wc_prec_m12,wc_srad_m01,wc_srad_m02,wc_srad_m03,wc_srad_m04,wc_srad_m05,wc_srad_m06,wc_srad_m07,wc_srad_m08,wc_srad_m09,wc_srad_m10,wc_srad_m11,wc_srad_m12,wc_vapr_m01,wc_vapr_m02,wc_vapr_m03,wc_vapr_m04,wc_vapr_m05,wc_vapr_m06,wc_vapr_m07,wc_vapr_m08,wc_vapr_m09,wc_vapr_m10,wc_vapr_m11,wc_vapr_m12,wc_wind_m01,wc_wind_m02,wc_wind_m03,wc_wind_m04,wc_wind_m05,wc_wind_m06,wc_wind_m07,wc_wind_m08,wc_wind_m09,wc_wind_m10,wc_wind_m11,wc_wind_m12,srtm_elev,srtm_slope,srtm_aspect,srtm_tpi,srtm_tri,srtm_roughness,sg_bdod_d005,sg_bdod_d015,sg_bdod_d030,sg_bdod_d060,sg_cec_d005,sg_cec_d015,sg_cec_d030,sg_cfvo_d005,sg_cfvo_d015,sg_cfvo_d030,sg_cfvo_d060,sg_clay_d005,sg_clay_d015,sg_clay_d030,sg_clay_d060,sg_sand_d005,sg_sand_d015,sg_sand_d030,sg_sand_d060,sg_silt_d005,sg_silt_d015,sg_silt_d030,sg_silt_d060,sg_nitrogen_d005,sg_nitrogen_d015,sg_nitrogen_d030,sg_nitrogen_d060,sg_phh2o_d005,sg_phh2o_d015,sg_phh2o_d030,sg_phh2o_d060,sg_soc_d005,sg_soc_d015,sg_soc_d030,sg_soc_d060,sg_ocd_d005,sg_ocd_d015,sg_ocd_d030,sg_ocd_d060,np_ALLSKY_SFC_SW_DWN_JAN,np_ALLSKY_SFC_SW_DWN_FEB,np_ALLSKY_SFC_SW_DWN_MAR,np_ALLSKY_SFC_SW_DWN_APR,np_ALLSKY_SFC_SW_DWN_MAY,np_ALLSKY_SFC_SW_DWN_JUN,np_ALLSKY_SFC_SW_DWN_JUL,np_ALLSKY_SFC_SW_DWN_AUG,np_ALLSKY_SFC_SW_DWN_SEP,np_ALLSKY_SFC_SW_DWN_OCT,np_ALLSKY_SFC_SW_DWN_NOV,np_ALLSKY_SFC_SW_DWN_DEC,np_ALLSKY_SFC_SW_DWN_ANN,np_GWETROOT_JAN,np_GWETROOT_FEB,np_GWETROOT_MAR,np_GWETROOT_APR,np_GWETROOT_MAY,np_GWETROOT_JUN,np_GWETROOT_JUL,np_GWETROOT_AUG,np_GWETROOT_SEP,np_GWETROOT_OCT,np_GWETROOT_NOV,np_GWETROOT_DEC,np_GWETROOT_ANN,np_GWETTOP_JAN,np_GWETTOP_FEB,np_GWETTOP_MAR,np_GWETTOP_APR,np_GWETTOP_MAY,np_GWETTOP_JUN,np_GWETTOP_JUL,np_GWETTOP_AUG,np_GWETTOP_SEP,np_GWETTOP_OCT,np_GWETTOP_NOV,np_GWETTOP_DEC,np_GWETTOP_ANN,np_PRECTOTCORR_JAN,np_PRECTOTCORR_FEB,np_PRECTOTCORR_MAR,np_PRECTOTCORR_APR,np_PRECTOTCORR_MAY,np_PRECTOTCORR_JUN,np_PRECTOTCORR_JUL,np_PRECTOTCORR_AUG,np_PRECTOTCORR_SEP,np_PRECTOTCORR_OCT,np_PRECTOTCORR_NOV,np_PRECTOTCORR_DEC,np_PRECTOTCORR_ANN,np_RH2M_JAN,np_RH2M_FEB,np_RH2M_MAR,np_RH2M_APR,np_RH2M_MAY,np_RH2M_JUN,np_RH2M_JUL,np_RH2M_AUG,np_RH2M_SEP,np_RH2M_OCT,np_RH2M_NOV,np_RH2M_DEC,np_RH2M_ANN,np_T2M_JAN,np_T2M_FEB,np_T2M_MAR,np_T2M_APR,np_T2M_MAY,np_T2M_JUN,np_T2M_JUL,np_T2M_AUG,np_T2M_SEP,np_T2M_OCT,np_T2M_NOV,np_T2M_DEC,np_T2M_ANN,np_T2MDEW_JAN,np_T2MDEW_FEB,np_T2MDEW_MAR,np_T2MDEW_APR,np_T2MDEW_MAY,np_T2MDEW_JUN,np_T2MDEW_JUL,np_T2MDEW_AUG,np_T2MDEW_SEP,np_T2MDEW_OCT,np_T2MDEW_NOV,np_T2MDEW_DEC,np_T2MDEW_ANN,np_T2M_MAX_JAN,np_T2M_MAX_FEB,np_T2M_MAX_MAR,np_T2M_MAX_APR,np_T2M_MAX_MAY,np_T2M_MAX_JUN,np_T2M_MAX_JUL,np_T2M_MAX_AUG,np_T2M_MAX_SEP,np_T2M_MAX_OCT,np_T2M_MAX_NOV,np_T2M_MAX_DEC,np_T2M_MAX_ANN,np_T2M_MIN_JAN,np_T2M_MIN_FEB,np_T2M_MIN_MAR,np_T2M_MIN_APR,np_T2M_MIN_MAY,np_T2M_MIN_JUN,np_T2M_MIN_JUL,np_T2M_MIN_AUG,np_T2M_MIN_SEP,np_T2M_MIN_OCT,np_T2M_MIN_NOV,np_T2M_MIN_DEC,np_T2M_MIN_ANN,np_WS2M_JAN,np_WS2M_FEB,np_WS2M_MAR,np_WS2M_APR,np_WS2M_MAY,np_WS2M_JUN,np_WS2M_JUL,np_WS2M_AUG,np_WS2M_SEP,np_WS2M_OCT,np_WS2M_NOV,np_WS2M_DEC,np_WS2M_ANN,daylength_m01,daylength_m02,daylength_m03,daylength_m04,daylength_m05,daylength_m06,daylength_m07,daylength_m08,daylength_m09,daylength_m10,daylength_m11,daylength_m12,daylength_ann_mean,daylength_range,eto_hg_m01,eto_hg_m02,eto_hg_m03,eto_hg_m04,eto_hg_m05,eto_hg_m06,eto_hg_m07,eto_hg_m08,eto_hg_m09,eto_hg_m10,eto_hg_m11,eto_hg_m12,eto_hg_ann,vpd_m01,vpd_m02,vpd_m03,vpd_m04,vpd_m05,vpd_m06,vpd_m07,vpd_m08,vpd_m09,vpd_m10,vpd_m11,vpd_m12,vpd_ann_mean,vpd_max,wbal_m01,wbal_m02,wbal_m03,wbal_m04,wbal_m05,wbal_m06,wbal_m07,wbal_m08,wbal_m09,wbal_m10,wbal_m11,wbal_m12,wdef_ann,wsur_ann,wbal_ann,months_water_deficit,aridity_index_unep,gdd_b5_m01,gdd_b5_m02,gdd_b5_m03,gdd_b5_m04,gdd_b5_m05,gdd_b5_m06,gdd_b5_m07,gdd_b5_m08,gdd_b5_m09,gdd_b5_m10,gdd_b5_m11,gdd_b5_m12,gdd_b5_ann,gdd_b10_m01,gdd_b10_m02,gdd_b10_m03,gdd_b10_m04,gdd_b10_m05,gdd_b10_m06,gdd_b10_m07,gdd_b10_m08,gdd_b10_m09,gdd_b10_m10,gdd_b10_m11,gdd_b10_m12,gdd_b10_ann,gdd_b15_m01,gdd_b15_m02,gdd_b15_m03,gdd_b15_m04,gdd_b15_m05,gdd_b15_m06,gdd_b15_m07,gdd_b15_m08,gdd_b15_m09,gdd_b15_m10,gdd_b15_m11,gdd_b15_m12,gdd_b15_ann,continentality,thermicity_index
L001,Ikenne,3.71555,6.8709,0.76154,0.9533,0.79909,0.68858,0.9533,0.58491,26.79583,8.10833,70.50724,124.21498,33.4,21.9,11.5,26.16667,27.48333,28.36667,25.23333,1484,245,14,65.87611,654,64,260,503,27.1,28.3,28.7,28.1,27.2,26,25.2,24.8,25.6,26.1,27.3,27.2,21.9,23.2,24,23.8,23.3,22.6,22.4,21.9,22.3,22.3,22.9,22.3,32.2,33.3,33.4,32.5,31.2,29.4,28.1,27.8,28.9,29.8,31.6,32,15,35,86,139,193,245,216,100,187,191,63,14,16066,16752,17983,17751,16713,13595,11344,11210,12172,14867,16560,15954,2.52,2.78,2.96,2.96,2.92,2.82,2.73,2.67,2.74,2.82,2.85,2.62,1.4,1.7,1.7,2,2,2,2.1,2,2,1.7,1.2,1.2,54,0.54052,130.32063,1.5,7.5,30,1.30151,1.35601,1.36695,1.44454,3.47,2.59,2.42,10.73351,11.46242,13.92948,16.50421,4,20.60349,24.31681,30.17926,63.39267,63.73547,61.36767,56.37927,15.70733,15.36361,14.75237,13.31841,2.42573,1.76561,1.05616,0.73678,5.47973,5.44235,5.43127,5.42455,29.39566,20.08566,11.65455,7.57953,3.10478,2.17289,1.21977,0.73156,17.7,17.24,17.94,18.11,16.84,14.2,13.75,14.8,15.11,16.75,18.09,17.87,16.53,0.69,0.66,0.66,0.66,0.69,0.73,0.79,0.79,0.83,0.87,0.84,0.76,0.75,0.7,0.67,0.67,0.69,0.71,0.76,0.79,0.79,0.83,0.85,0.82,0.76,0.75,0.87,1.09,2.25,4.22,6.07,8.42,7.81,5.43,9.92,6.99,2.34,0.75,4.69,78.47,83.8,87.34,89.16,90.33,91.14,90.67,89.98,90.9,90.63,87.64,81.09,87.6,24.9,26.35,26.76,26.62,26.21,25.34,24.68,24.42,24.95,25.49,25.96,25.39,25.58,20.46,23.06,24.32,24.59,24.43,23.73,22.98,22.59,23.28,23.76,23.6,21.58,23.19,32.59,34.14,33.96,33.37,31.85,31.01,30.12,30.12,30.97,31.83,32,32.38,34.14,11.45,14.85,17.42,22.23,21.97,21.34,20.44,18.74,20.29,21.38,17.98,13.44,11.45,1.03,1.12,1.18,1.19,1.11,1.23,1.47,1.56,1.23,0.98,0.81,0.87,1.15,11.76166,11.90313,12.07256,12.26722,12.42956,12.51832,12.4864,12.35059,12.16604,11.98027,11.81381,11.72659,12.12301,0.79173,139.59157,136.80501,154.68156,143.62672,135.3219,115.54895,107.96745,111.49758,116.82723,125.51787,126.25976,132.56716,1546.21276,1.06631,1.06646,0.97675,0.842,0.68739,0.54144,0.47571,0.46024,0.54277,0.56136,0.77857,0.98739,0.74887,1.06646,-124.59157,-101.80501,-68.68156,-4.62672,57.6781,129.45105,108.03255,-11.49758,70.17277,65.48213,-63.25976,-118.56716,-493.02937,430.81661,-62.21276,7,0.95976,685.10001,652.39998,734.70002,693.00001,688.20002,630,626.20002,613.79998,618.00001,654.10001,668.99998,688.20002,7952.70007,530.10001,512.39998,579.70002,543.00001,533.20002,480,471.20002,458.79998,468.00001,499.10001,518.99998,533.20002,6127.70007,375.10001,372.39998,424.70002,393.00001,378.20002,330,316.20002,303.79998,318.00001,344.10001,368.99998,378.20002,4302.70007,3.9,764.99999
L002,Ibadan,3.94357,7.37637,0.56546,0.01642,0.28126,0.64178,0.01642,0.44657,26.93333,9.76667,71.81373,131.41425,34.7,21.1,13.6,26.3,27.63334,28.65,25.25,1367,199,8,63.9767,539,51,259,488,27.2,28.7,28.9,28.3,27.4,26.2,25.2,24.9,25.6,26.3,27.3,27,21.1,22.7,23.4,23.2,22.6,22,21.6,21.4,21.5,21.8,22.1,21.2,33.4,34.7,34.5,33.4,32.2,30.5,28.9,28.5,29.6,30.9,32.5,32.7,8,31,87,141,172,194,173,116,199,184,50,12,15850,16312,17524,17416,16554,13612,10750,10448,11564,14305,15981,15694,2.18,2.45,2.7,2.77,2.75,2.66,2.57,2.52,2.59,2.64,2.6,2.3,1.4,1.7,1.8,2.2,1.9,1.9,2.1,1.8,1.8,1.6,1.2,1.2,224,0.33492,201.83194,9.375,9.875,20,1.34731,1.38263,1.38445,1.47416,6.57355,5.49235,5.16057,11.17202,11.54457,14.3834,17.11032,10.99149,19.62041,22.77137,28.64,63.54643,63.37416,60.93521,56.86726,16.34228,16.0491,15.24881,14.09683,2.15258,1.59831,0.98263,0.68876,5.63033,5.58163,5.55788,5.55827,26.88507,18.23613,10.73196,7.03475,2.89118,2.03555,1.17789,0.72996,17.69,17.4,18.14,18.5,17.89,16.03,13.75,12.9,14.64,17.01,18.24,17.76,16.66,0.72,0.68,0.67,0.68,0.7,0.75,0.8,0.82,0.88,0.91,0.87,0.79,0.77,0.73,0.68,0.68,0.7,0.73,0.77,0.81,0.82,0.87,0.89,0.85,0.79,0.78,0.74,0.92,2.13,4.2,5.79,8.05,7.42,6.09,10.32,6.79,1.79,0.61,4.58,73.42,79.89,84.96,87.74,89.33,90.17,90.12,89.81,90.19,89.61,84.95,76.37,85.56,24.36,25.96,26.44,26.3,25.88,25.05,24.41,24.14,24.69,25.21,25.49,24.71,25.21,18.67,21.66,23.43,23.95,23.88,23.25,22.61,22.28,22.89,23.27,22.54,19.81,22.35,33.23,35.5,35.74,35.43,32.06,31.33,30.47,30.17,31.14,31.85,32.09,32.59,35.74,11.06,14.33,17.11,20.91,21.4,20.27,19.28,17.71,19.46,20.51,15.56,12.9,11.06,1.38,1.49,1.63,1.65,1.51,1.65,1.93,2.05,1.55,1.21,1.01,1.14,1.52,11.73513,11.88751,12.06975,12.27878,12.45287,12.54798,12.51378,12.36821,12.17017,11.97052,11.79132,11.69732,12.12361,0.85065,151.84308,149.73782,168.51153,156.38266,150.36377,130.38538,122.69759,122.87291,129.34821,138.39689,137.19075,142.62938,1700.35997,1.42739,1.48675,1.28259,1.07646,0.89987,0.74139,0.63571,0.62896,0.69277,0.78151,1.02857,1.26534,0.99561,1.48675,-143.84308,-118.73782,-81.51153,-15.38266,21.63623,63.61462,50.30241,-6.87291,69.65179,45.60311,-87.19075,-130.62938,-584.16812,250.80815,-333.35997,7,0.80395,688.20002,663.60002,740.89999,698.99998,694.39999,636.00002,626.20002,616.89999,618.00001,660.29998,668.99998,682,7994.5,533.20002,523.60002,585.89999,548.99998,539.39999,486.00002,471.20002,461.89999,468.00001,505.29998,518.99998,527,6169.5,378.20002,383.60002,430.89999,398.99998,384.39999,336.00002,316.20002,306.89999,318.00001,350.29998,368.99998,372,4344.5,4,768.16666
L003,Ago-Owu,4.3374,7.24205,0.88428,1.28638,1.12323,0.6646,1.28638,0.514,26.10417,8.35833,66.86667,125.76055,33.2,20.7,12.5,25.56667,26.65,27.78333,24.53333,1441,221,9,66.11848,583,52,256,546,26.1,27.7,28.2,27.5,26.6,25.5,24.6,24.2,24.9,25.5,26.5,26.1,20.7,22.2,23.3,23,22.5,22.1,21.7,21.3,21.5,21.7,22,21.1,31.5,33.2,33.1,31.9,30.6,29,27.5,27,28.2,29.3,30.9,31.2,9,32,88,136,175,210,198,127,221,187,47,11,16158,16998,17871,17702,17003,14174,11245,10838,12008,14796,16867,16203,2.22,2.5,2.72,2.78,2.77,2.68,2.59,2.53,2.62,2.66,2.63,2.34,1.2,1.4,1.4,1.5,1.5,1.5,1.7,1.8,1.5,1.1,1,1.1,183,0.61016,95.84876,6,8.75,25,1.3,1.4,1.4,1.5,10.62,7.28,6.18,13,14,19,24,19,24,27,35,57,58,55,49,20,19,18,16,2.5,1.7,1.2,0.7,6,6,5.9,5.9,29.8,18.1,10.7,6.3,3.3,2.3,1.2,0.7,17.67,17.36,18.05,18.12,17.59,15.91,13.54,12.71,14.47,16.61,18.26,17.85,16.5,0.69,0.66,0.66,0.67,0.7,0.75,0.8,0.81,0.86,0.89,0.86,0.77,0.76,0.7,0.67,0.67,0.69,0.72,0.77,0.81,0.81,0.85,0.87,0.84,0.77,0.77,0.87,1.11,2.35,4.36,6.2,8.85,8.52,6.26,10.62,7.4,2.51,0.76,5,79,83.62,87.81,90.2,91.93,92.59,91.62,90.69,91.97,91.92,89.36,82.58,88.62,24.42,26.06,26.51,26.32,25.84,24.99,24.39,24.16,24.65,25.19,25.57,24.85,25.24,20.08,22.67,24.12,24.46,24.36,23.65,22.86,22.45,23.18,23.69,23.54,21.37,23.03,33.88,35.64,35.04,35.12,32.72,30.69,30.58,29.85,30.75,31.46,31.68,32.47,35.64,11.97,15.4,17.57,22,21.76,20.88,20.13,18.69,20.29,21.13,17.36,13.77,11.97,0.34,0.29,0.27,0.27,0.26,0.28,0.31,0.33,0.27,0.24,0.25,0.31,0.29,11.74219,11.89166,12.0705,12.2757,12.44667,12.54009,12.5065,12.36353,12.16907,11.97311,11.7973,11.70511,12.12345,0.83498,139.05888,140.44894,156.03795,143.49759,135.54774,115.4632,107.72242,108.226,115.76155,124.30126,124.86811,131.24337,1542.17701,1.16136,1.2144,1.10417,0.89127,0.71252,0.58336,0.50308,0.48993,0.52896,0.60336,0.83208,1.04136,0.80549,1.2144,-130.05888,-108.44894,-68.03795,-7.49759,39.45226,94.5368,90.27758,18.774,105.23845,62.69874,-77.86811,-120.24337,-512.15484,410.97783,-101.17701,6,0.93439,654.10001,635.60002,719.20002,675,669.60001,615,607.60001,595.20002,596.99999,635.5,645,654.10001,7702.9001,499.10001,495.60002,564.20002,525,514.60001,465,452.60001,440.20002,446.99999,480.5,495,499.10001,5877.9001,344.10001,355.60002,409.20002,375,359.60001,315,297.60001,285.20002,296.99999,325.5,345,344.10001,4052.9001,4,744.16666
L004,Mokwa,5.31164,9.23754,0.54008,-0.04576,0.21425,0.5127,-0.04576,0.06507,27.00833,10.83333,59.85267,179.94737,36.5,18.4,18.1,25.15,27.16667,29.61667,25.15,1136,241,1,92.55804,623,8,99,623,26.6,28.9,30,30,28.1,26.3,25.3,24.9,25.3,26.1,26.7,26,18.9,21.3,23.6,24.8,23.7,22.3,21.8,21.6,21.4,21.4,19.9,18.4,34.3,36.5,36.3,35.2,32.6,30.2,28.7,28.2,29.2,30.8,33.5,33.6,3,4,24,71,138,168,189,193,241,99,5,1,17321,18130,18544,18109,17849,16450,13084,11666,13591,16231,17876,17173,1.36,1.6,2.01,2.57,2.75,2.75,2.67,2.66,2.7,2.68,2.09,1.52,2.5,2,1.9,2,2,2.2,2,1.9,1.4,1.4,1.8,2.1,174,0.87056,302.38781,-3.125,10.375,41,1.4,1.4,1.4,1.5,5.06,4.09,4.05,9,7,10,12,15,14,17,28,62,65,63,55,21,21,20,17,0.9,0.5,0.4,0.4,6.1,6.1,6,5.9,13.6,6.2,5,3.5,1.7,1.4,1,0.7,18.94,19.43,20.74,20.95,20.01,18.5,16.51,15.43,17.39,19.39,20.34,19.3,18.9,0.46,0.45,0.45,0.47,0.5,0.53,0.55,0.57,0.62,0.6,0.51,0.47,0.52,0.38,0.35,0.36,0.44,0.51,0.55,0.57,0.6,0.65,0.61,0.48,0.41,0.49,0.12,0.29,0.73,2.16,3.38,4.1,4.73,5.35,6.47,3.52,0.39,0.09,2.62,44.78,46.66,54.92,65.7,74,78.64,81.14,82.76,83.69,79.28,61.33,48.9,66.91,25.77,28.62,30.21,29.77,28.43,27.08,26.15,25.69,25.91,26.64,27.13,25.92,27.26,10.88,13.89,18.41,21.71,22.81,22.7,22.38,22.31,22.77,22.4,17.83,12.61,19.24,39.27,41.11,42.38,42.15,40.74,37.44,37.29,36.02,33.09,38.13,39.04,38.7,42.38,11.3,12.54,17.95,20.89,21.96,20.83,20.34,19.61,20.81,19.04,14.24,12.55,11.3,1.76,1.97,2.29,2.54,2.13,1.95,1.9,1.91,1.41,1.29,1.36,1.57,1.84,11.63694,11.82976,12.05942,12.32168,12.53931,12.65796,12.61531,12.43355,12.18556,11.93449,11.70813,11.58898,12.12592,1.06898,163.31812,166.33491,183.1641,164.35247,148.83258,128.07762,121.33784,119.36482,125.69675,138.09564,151.15651,155.79083,1765.5222,2.12252,2.38259,2.23307,1.67307,1.052,0.67151,0.55483,0.48896,0.52483,0.70136,1.41307,1.84144,1.30494,2.38259,-160.31812,-162.33491,-159.1641,-93.35247,-10.83258,39.92238,67.66216,73.63518,115.30325,-39.09564,-146.15651,-154.79083,-926.04517,296.52297,-629.5222,8,0.64344,669.60001,669.19999,775,750,716.10001,638.99998,629.29998,616.89999,608.99998,654.10001,651.00002,651,8030.19997,514.60001,529.19999,620,600,561.10001,488.99998,474.29998,461.89999,458.99998,499.10001,501.00002,496,6205.19997,359.60001,389.19999,465,450,406.10001,338.99998,319.29998,306.89999,308.99998,344.10001,351.00002,341,4380.19997,5.1,768.16668
L005,Ekiti,5.33236,7.6056,0.64256,1.08107,0.48487,0.50821,1.08107,0.05178,25.15417,9.275,66.25,129.99052,32.7,18.7,14,23.6,25.5,26.95,23.6,1329,240,7,69.11544,560,47,228,560,25,26.6,27.3,26.9,25.8,24.6,23.6,23.3,23.9,24.5,25.4,24.9,18.7,20.5,22.1,22.4,21.6,20.9,20.4,20.1,20.3,20.3,20.1,18.8,31.3,32.7,32.6,31.4,30,28.4,26.9,26.5,27.4,28.7,30.6,31,7,25,80,123,163,176,174,146,240,151,29,15,16446,17094,17627,17539,16974,15085,11923,11104,12695,15186,17409,16715,1.88,2.18,2.45,2.61,2.64,2.56,2.47,2.42,2.5,2.53,2.39,2.01,1.5,1.6,1.5,1.7,1.6,1.7,1.8,1.7,1.5,1.4,1.4,1.4,356,0.40974,278.72846,0.875,5.125,17,1.3,1.4,1.4,1.5,7.28,4.21,3.31,15,17,20,21,16,21,23,25,60,61,59,58,19,19,18,17,2.4,2.2,1.1,0.8,5.8,5.7,5.7,5.7,29.3,19.7,9.4,7.3,2.9,2,1.2,0.7,18.19,17.53,18.07,18.26,17.95,16.31,14.68,13.76,15.22,17.06,18.55,18.27,16.98,0.59,0.55,0.55,0.56,0.59,0.62,0.67,0.69,0.76,0.78,0.72,0.64,0.65,0.57,0.53,0.53,0.56,0.61,0.65,0.69,0.72,0.78,0.78,0.72,0.64,0.65,0.25,0.77,1.29,3.36,4.32,5.87,6.64,6.77,8.81,5.07,1,0.41,3.72,62.49,70.11,77.38,82.07,85.82,87.57,88.26,88.17,88.94,87.59,79.84,68.06,80.56,24.3,26.07,26.66,26.33,25.61,24.68,24,23.78,24.07,24.61,24.93,24.23,24.93,15.38,19,21.63,22.62,22.83,22.32,21.81,21.57,22.02,22.26,20.82,17.09,20.78,36.58,38.9,38.04,38.95,37.45,34.11,32.57,33.71,30.39,31.44,34.55,35.82,38.95,12.22,13.13,18.67,20.28,20.41,19.76,19.28,18.13,19,19.16,15.87,13.62,12.22,1.65,1.84,2.05,2.1,1.8,1.84,1.98,2.07,1.54,1.29,1.21,1.39,1.73,11.72308,11.88042,12.06848,12.28403,12.46347,12.56145,12.52622,12.37622,12.17205,11.96609,11.78111,11.68403,12.12389,0.87742,145.71312,143.86395,158.14718,142.50931,135.88646,118.26909,111.68021,112.39816,116.32337,127.33113,131.6654,139.53932,1583.32671,1.28778,1.30252,1.17857,0.93448,0.6819,0.53308,0.44302,0.44082,0.46605,0.54465,0.85404,1.13896,0.81716,1.30252,-138.71312,-118.86395,-78.14718,-19.50931,27.11354,57.73091,62.31979,33.60184,123.67663,23.66887,-102.6654,-124.53932,-582.43829,328.11158,-254.32671,6,0.83937,620,604.80001,691.29998,656.99999,644.79998,588.00001,576.60001,567.29998,566.99999,604.5,611.99999,616.89999,7350.19992,465,464.80001,536.29998,506.99999,489.79998,438.00001,421.60001,412.29998,416.99999,449.5,461.99999,461.89999,5525.19992,310,324.80001,381.29998,356.99999,334.79998,288.00001,266.60001,257.29998,266.99999,294.5,311.99999,306.89999,3700.19992,4,717.5
L006,Delta,5.71584,5.46768,1,2.10632,1.42884,1,2.10632,1.50534,26.47083,8.34167,74.47916,95.83266,32.7,21.5,11.2,25.16667,26.81667,27.6,25.16667,2770,483,26,69.71368,1233,115,378,1233,26.5,27.3,27.8,27.7,27,26.2,25,25.2,25.4,26,27,26.6,21.5,21.9,22.9,23.4,23,22.6,22,22.2,22.2,22.1,22.3,21.5,31.5,32.7,32.7,32,31.1,29.7,28,28.1,28.5,29.9,31.7,31.8,26,56,123,199,284,382,483,319,431,330,104,33,16179,17272,17541,17240,16353,14354,12526,12565,13465,15244,16527,16314,2.78,3.01,3.07,3.03,2.97,2.83,2.77,2.73,2.82,2.86,3.01,2.86,2.2,2.5,2.3,2.6,2.2,2.1,2.6,2.8,2.4,2.1,2,2,6,0.09455,9.44207,-2.375,2.625,6,0.8,0.8,0.9,0.9,11.55,10.16,9.68,10,11,11,12,28,41,42,41,35,34,33,33,25,25,25,26,3.6,3.1,2,1.4,5.2,5.2,5.2,5.3,49.1,34.6,27.2,17.1,4,2.8,2.1,1.3,17.48,16.44,16.71,17.17,16.22,13.91,12.15,13.18,13.5,15.44,17.15,17.37,15.55,0.75,0.72,0.72,0.74,0.77,0.82,0.86,0.85,0.9,0.93,0.91,0.83,0.82,0.75,0.72,0.73,0.74,0.77,0.81,0.84,0.83,0.88,0.89,0.87,0.81,0.8,0.55,1.38,2.96,4.79,6.33,8.69,7.91,6.72,10.23,7.43,3.25,0.8,5.1,80.46,84.81,88.22,89.65,91.07,91.34,90.43,89.34,91.4,91.43,89.23,82.79,88.35,25.25,26.68,27.03,26.88,26.41,25.57,24.94,24.79,25.05,25.59,26.22,25.76,25.84,21.28,23.64,24.76,24.92,24.76,23.97,23.17,22.8,23.47,24,24.15,22.33,23.6,33.87,35.21,34.29,34.33,32.48,31.65,31.49,31.43,31.44,32.33,32.71,33.15,35.21,13.38,15.24,19.37,21.73,22.55,22.01,21.02,19.96,20.84,21.77,18.49,14.94,13.38,0.42,0.39,0.37,0.35,0.34,0.39,0.45,0.48,0.42,0.35,0.31,0.37,0.39,11.83507,11.94636,12.08038,12.23529,12.36517,12.43638,12.41076,12.30193,12.15465,12.00728,11.87603,11.80756,12.1214,0.62883,138.22193,140.06783,155.58042,141.02336,135.03182,117.02761,108.93395,111.80333,113.75344,128.9191,132.5623,137.53477,1560.45985,0.68208,0.61857,0.66613,0.6844,0.59534,0.57139,0.39778,0.47571,0.42404,0.50144,0.55534,0.62252,0.56623,0.6844,-112.22193,-84.06783,-32.58042,57.97664,148.96818,264.97239,374.06605,207.19667,317.24656,201.0809,-28.5623,-104.53477,-361.96725,1571.5074,1209.54015,5,1.77512,666.5,624.39998,706.79998,681.00002,682,636.00002,620,626.20002,611.99999,651,660,669.60001,7835.50002,511.5,484.39998,551.79998,531.00002,527,486.00002,465,471.20002,461.99999,496,510,514.60001,6010.50002,356.5,344.39998,396.79998,381.00002,372,336.00002,310,316.20002,311.99999,341,360,359.60001,4185.50002,2.8,764.75
L007,Edo,5.94385,6.5947,0.31972,-0.76675,-0.3677,0.59708,-0.76675,0.31444,25.3625,8.625,71.281,117.32093,32.1,20,12.1,23.85,25.8,26.86667,23.85,1769,313,12,69.23129,758,61,288,758,25.3,26.6,27.1,26.9,26,24.9,23.8,23.6,24.2,24.8,25.7,25.5,20,21,22.1,22.5,21.7,21.2,20.6,20.5,20.8,20.9,21.1,20.2,30.6,32.1,32.1,31.4,30.2,28.5,27,26.6,27.6,28.7,30.4,30.9,12,36,105,147,206,234,246,199,313,213,45,13,16034,16969,17551,17124,16413,14606,12127,11737,13023,14905,16908,16525,2.23,2.5,2.67,2.68,2.66,2.55,2.49,2.45,2.54,2.57,2.59,2.33,1.3,1.6,1.4,1.7,1.5,1.4,1.6,1.7,1.5,1.4,1,1.3,222,1.12096,262.4307,10.625,16.625,45,1.3,1.4,1.4,1.4,8.89,6.31,4.92,12,14,17,19,15,18,20,28,72,72,69,63,11,11,11,9,2.8,1.7,1.1,0.7,5.3,5.1,5.1,5.1,36.3,20.6,13.4,9.7,3.2,2.3,1.1,0.7,17.67,16.61,16.85,17.14,16.86,15.11,13.3,13.27,14.19,15.96,17.76,17.75,16.03,0.7,0.67,0.67,0.69,0.7,0.74,0.77,0.79,0.84,0.86,0.82,0.75,0.75,0.7,0.68,0.68,0.7,0.72,0.75,0.78,0.79,0.84,0.85,0.81,0.75,0.76,0.34,1.04,1.89,4.09,4.85,7.04,7.28,7.47,9.73,6.07,2.04,0.47,4.37,70.96,78.28,85.01,87.21,88.73,89.8,89.81,89.23,90.25,89.47,84.29,74.56,84.81,24.29,26.01,26.6,26.54,26.11,25.25,24.64,24.49,24.77,25.24,25.66,24.67,25.35,18.03,21.41,23.64,24.08,23.99,23.36,22.76,22.5,22.99,23.28,22.59,19.4,22.33,35.34,37.93,36.32,34.07,32.47,31.58,30.88,32.18,30.98,31.48,32.83,33.64,37.93,11.68,13.42,18.12,20.44,21.21,20.81,20.25,18.63,20.2,20.39,15.56,13.47,11.68,1.58,1.64,1.72,1.78,1.61,1.82,2.08,2.19,1.74,1.37,1.12,1.29,1.66,11.77614,11.91165,12.0741,12.26091,12.41685,12.50214,12.47147,12.34099,12.16379,11.98559,11.82608,11.74256,12.12269,0.75959,136.43439,138.4633,154.19635,141.37238,136.35656,116.41316,110.42328,110.04015,114.79177,124.4499,126.33217,134.51625,1543.78965,0.99483,0.98252,0.91631,0.86448,0.70144,0.59896,0.45828,0.46302,0.47993,0.56024,0.71229,0.93336,0.72214,0.99483,-124.43439,-102.4633,-49.19635,5.62762,69.64344,117.58684,135.57672,88.95985,198.20823,88.5501,-81.33217,-121.51625,-478.94246,704.1528,225.21035,5,1.14588,629.29998,604.80001,685.10001,656.99999,651,596.99999,582.79998,576.60001,576.00002,613.79998,621.00002,635.5,7429.89999,474.29998,464.80001,530.10001,506.99999,496,446.99999,427.79998,421.60001,426.00002,458.79998,471.00002,480.5,5604.89999,319.29998,324.80001,375.10001,356.99999,341,296.99999,272.79998,266.60001,276.00002,303.79998,321.00002,325.5,3779.89999,3.5,724.66667
L008,Ubiaja,6.38951,6.64992,0.32571,-0.79873,-0.35189,0.56671,-0.79873,0.22468,25.7375,8.975,70.11719,122.03065,32.9,20.1,12.8,24.23333,26.2,27.35,24.23333,1641,299,7,72.72328,695,44,242,695,25.8,27,27.7,27.4,26.3,25.2,24.2,24,24.5,25,26,25.8,20.1,21.3,22.4,22.9,22.1,21.4,20.9,20.8,21,20.9,21.1,20.1,31.4,32.7,32.9,31.9,30.6,28.9,27.5,27.2,28,29,31,31.6,11,26,87,129,206,227,216,180,299,214,39,7,16344,17372,17851,17214,16302,14357,12196,11744,12992,14761,16791,16784,2.13,2.43,2.62,2.66,2.64,2.53,2.48,2.43,2.51,2.56,2.53,2.25,1.3,1.6,1.6,1.7,1.5,1.5,1.8,1.8,1.5,1.4,1.1,1.3,271,1.83532,182.42629,17.125,25.875,93,1.4,1.4,1.4,1.5,6.85,6.07,5.87,10,13,17,19,12,14,20,26,65,65,61,56,20,20,19,18,1.6,1.4,0.9,0.7,5.5,5.4,5.4,5.4,21.1,15.6,10,6.5,2.6,1.8,1.1,0.7,17.87,16.92,17.32,17.52,17.18,15.63,14.08,13.88,14.83,16.41,17.89,17.92,16.45,0.7,0.67,0.67,0.69,0.7,0.74,0.77,0.79,0.84,0.86,0.82,0.75,0.75,0.7,0.68,0.68,0.7,0.72,0.75,0.78,0.79,0.84,0.85,0.81,0.75,0.76,0.34,1.04,1.89,4.09,4.85,7.04,7.28,7.47,9.73,6.07,2.04,0.47,4.37,70.96,78.28,85.01,87.21,88.73,89.8,89.81,89.23,90.25,89.47,84.29,74.56,84.81,24.29,26.01,26.6,26.54,26.11,25.25,24.64,24.49,24.77,25.24,25.66,24.67,25.35,18.03,21.41,23.64,24.08,23.99,23.36,22.76,22.5,22.99,23.28,22.59,19.4,22.33,35.34,37.93,36.32,34.07,32.47,31.58,30.88,32.18,30.98,31.48,32.83,33.64,37.93,11.68,13.42,18.12,20.44,21.21,20.81,20.25,18.63,20.2,20.39,15.56,13.47,11.68,1.58,1.64,1.72,1.78,1.61,1.82,2.08,2.19,1.74,1.37,1.12,1.29,1.66,11.77324,11.90995,12.07379,12.26217,12.41939,12.50538,12.47445,12.34291,12.16424,11.98453,11.82362,11.73937,12.12275,0.76601,142.39695,141.51802,160.08605,143.77478,137.34449,118.8879,113.26647,113.83133,117.29304,127.36773,131.15511,140.30727,1587.22913,1.1919,1.13534,1.0944,0.98987,0.78151,0.67571,0.53993,0.55392,0.56465,0.60778,0.83144,1.0719,0.83653,1.1919,-131.39695,-115.51802,-73.08605,-14.77478,68.65551,108.1121,102.73353,66.16867,181.70696,86.63227,-92.15511,-133.30727,-560.23818,614.00904,53.77087,6,1.03388,644.79998,616,703.70002,671.99999,660.29998,606.00002,595.20002,589,585,620,630,644.79998,7566.79999,489.79998,476,548.70002,521.99999,505.29998,456.00002,440.20002,434,435,465,480,489.79998,5741.79999,334.79998,336,393.70002,371.99999,350.29998,306.00002,285.20002,279,285,310,330,334.79998,3916.79999,3.7,737.41667
L009,Agenbode,6.69007,7.09988,0.64054,0.46116,0.47955,0.61181,0.46116,0.35798,27.3875,8.84167,66.4787,133.92882,34.6,21.3,13.3,25.88333,27.6,29.25,25.88333,1305,244,5,77.93702,592,27,157,592,27,28.6,29.6,29.5,28.1,26.8,26,25.6,26,26.6,27.6,27.1,21.3,23,24.6,25,23.9,23.1,22.8,22.5,22.7,22.7,22.7,21.3,32.8,34.3,34.6,34,32.4,30.5,29.3,28.7,29.3,30.4,32.5,32.9,8,14,44,99,169,189,179,169,244,159,26,5,16304,17323,17602,17251,16440,14341,12403,11626,13114,15137,17021,16952,2.09,2.42,2.66,2.75,2.75,2.67,2.62,2.6,2.67,2.71,2.57,2.22,1.4,1.5,1.3,1.5,1.5,1.5,1.7,1.7,1.4,1.3,1.1,1.4,58,1.5502,134.97363,2.875,19.875,67,1.4,1.4,1.4,1.5,6.82,6.02,5.84,12,12,15,18,10,20,23,26,59,58,55,54,21,22,21,20,1.3,0.9,0.7,0.6,5.6,5.6,5.6,5.5,21.3,12.2,9.1,6.8,2.5,1.8,1.1,0.7,18.31,17.77,18.56,18.73,18.48,16.98,15.47,14.78,15.87,17.56,18.89,18.43,17.48,0.6,0.57,0.56,0.57,0.59,0.62,0.65,0.67,0.73,0.74,0.7,0.64,0.64,0.6,0.57,0.57,0.59,0.61,0.65,0.68,0.7,0.76,0.76,0.71,0.65,0.65,0.25,0.83,1.4,3.47,4.17,5.51,6.79,7.28,8.87,5.07,1.44,0.35,3.79,63.9,71.21,79.56,82.85,85.55,87.41,87.85,87.4,88.52,87.55,80.06,68.09,80.86,24.68,26.65,27.32,27.22,26.67,25.7,25.08,24.96,25.13,25.57,25.94,24.84,25.81,16.36,20.11,23.06,23.79,23.87,23.32,22.81,22.6,23.01,23.23,21.92,17.85,21.83,37.12,39.19,38.46,37.29,35.74,33.63,33.12,33.69,31.46,32.1,34.91,35.61,39.19,11.57,12.94,18.97,20.64,21.87,20.52,20.46,19.4,20.33,20.28,15.04,13.19,11.57,1.8,1.89,2.05,2.1,1.85,1.96,2.12,2.19,1.71,1.39,1.18,1.43,1.8,11.74965,11.89606,12.07129,12.27245,12.44012,12.53174,12.49879,12.35857,12.16791,11.97586,11.80363,11.71334,12.12328,0.8184,146.71831,145.35105,162.50072,150.62155,143.4037,123.00197,117.66474,116.56247,117.87385,128.42344,134.51836,144.15993,1630.80009,1.47534,1.49401,1.48668,1.37289,1.052,0.85372,0.74144,0.68277,0.69144,0.77252,1.12278,1.36631,1.09266,1.49401,-138.71831,-131.35105,-118.50072,-51.62155,25.5963,65.99803,61.33526,52.43753,126.12615,30.57656,-108.51836,-139.15993,-687.86993,362.06984,-325.80009,6,0.80022,682,660.80001,762.60001,735,716.10001,653.99998,651,638.60001,630,669.60001,678.00001,685.10001,8162.80006,527,520.80001,607.60001,585,561.10001,503.99998,496,483.60001,480,514.60001,528.00001,530.10001,6337.80006,372,380.80001,452.60001,435,406.10001,353.99998,341,328.60001,330,359.60001,378.00001,375.10001,4512.80006,4,785.75001
L010,Kogi,6.98027,8.18315,0.79847,1.31652,0.89663,0.5375,1.31652,0.13835,26.94167,9.46667,58.79917,168.49379,35.4,19.3,16.1,25.36667,26.86667,29.43333,25.36667,1205,236,1,87.10976,626,11,125,626,26.2,28.6,30.1,29.5,27.8,26.3,25.6,25.1,25.4,26,26.8,25.8,19.8,22.6,24.8,25,23.6,22.5,22.3,21.8,21.8,21.8,21.2,19.3,32.6,34.7,35.4,34.1,32,30.2,28.9,28.4,29,30.2,32.4,32.2,3,7,31,87,156,166,186,204,236,120,8,1,16956,17863,18162,17853,17130,15009,12671,11674,13483,15664,17757,17427,1.6,1.9,2.26,2.59,2.69,2.63,2.6,2.58,2.62,2.63,2.22,1.78,2.1,1.9,1.9,2,1.8,1.8,1.9,1.8,1.6,1.4,1.5,1.9,177,1.04992,229.91067,-13.125,18.375,56,1.4,1.4,1.4,1.5,5.91,5.31,5.34,11,9,12,15,15,15,17,24,67,69,68,62,16,16,15,14,1.4,0.9,0.7,0.5,6,6,6,6,20,12.8,9.4,6.3,2.1,1.8,1.1,0.7,18.97,19.02,20.11,20.11,19.48,18.19,16.59,15.61,17.06,18.89,20.27,19.43,18.64,0.49,0.47,0.46,0.48,0.51,0.54,0.58,0.61,0.66,0.64,0.57,0.51,0.54,0.44,0.4,0.4,0.46,0.54,0.57,0.62,0.65,0.69,0.67,0.57,0.49,0.54,0.11,0.37,0.66,2.48,3.79,4.37,5.91,6.17,7.07,3.86,0.44,0.1,2.96,49.88,54.82,62.78,70.13,77.75,81.57,84,84.64,85.65,83.42,70.3,55.54,71.77,26.04,28.46,29.64,29.21,27.89,26.63,25.73,25.45,25.58,26.17,26.65,25.77,26.92,13.09,16.8,20.68,22.51,23.26,22.96,22.63,22.5,22.86,22.94,20.11,14.91,20.44,38.25,40.1,39.95,41.21,38.54,35.57,35.43,35.77,32.15,34.61,37.29,37.82,41.21,12.08,13.37,19.86,20.99,22.25,20.86,21,19.43,20.75,19.97,15.21,12.88,12.08,1.71,1.91,2.27,2.33,1.9,1.83,1.85,1.84,1.45,1.28,1.27,1.47,1.76,11.69267,11.86253,12.06527,12.29731,12.49022,12.59549,12.55765,12.39644,12.17681,11.95493,11.75534,11.65048,12.1246,0.94502,149.78049,148.93532,168.39813,151.82297,142.67183,125.28897,118.52135,119.4277,121.2557,131.2919,139.37166,145.23137,1661.99739,1.80139,2.01401,2.00746,1.53289,1.04613,0.79151,0.68277,0.6067,0.62404,0.73144,1.30372,1.5419,1.22366,2.01401,-146.78049,-141.93532,-137.39813,-64.82297,13.32817,40.71103,67.47865,84.5723,114.7443,-11.2919,-131.37166,-144.23137,-777.83184,320.83445,-456.99739,7,0.72503,657.20002,660.80001,778.10001,735,706.79998,638.99998,638.60001,623.10001,611.99999,651,653.99998,644.79998,8000.39997,502.20002,520.80001,623.10001,585,551.79998,488.99998,483.60001,468.10001,461.99999,496,503.99998,489.79998,6175.39997,347.20002,380.80001,468.10001,435,396.79998,338.99998,328.60001,313.10001,311.99999,341,353.99998,334.79998,4350.39997,5,771.33332
L011,Onne,7.03209,4.74373,0.59813,0.04601,0.36755,0.89528,0.04601,1.19581,26.53333,7.78333,73.42767,87.34296,32.5,21.9,10.6,25.41667,26.96667,27.68333,25.41667,2986,444,44,60.76842,1234,179,437,1234,26.7,27.7,27.8,27.6,26.9,26.1,25.3,25.3,25.6,26.1,26.7,26.5,21.9,22.8,23.4,23.5,23.2,22.8,22.3,22.4,22.3,22.5,22.6,22,31.5,32.5,32.2,31.7,30.7,29.5,28.3,28.3,28.9,29.6,30.8,31.1,44,86,152,199,299,427,442,348,444,331,165,49,15352,16252,16484,16110,15186,13261,12077,12171,12925,14128,14999,15521,2.84,3.07,3.13,3.1,3.06,2.96,2.9,2.85,2.91,2.96,3.07,2.91,2.1,2.6,3.2,3.2,2.9,2.6,2.4,2.5,2.7,3,2.1,2.2,4,0.52767,105.48853,1.00598,7.9708,26.85402,1.2367,1.25571,1.29417,1.36175,5.25,4.62,4.56,6.90681,8.31256,8.86199,10.30204,8,24.29176,27.91888,33.08349,62.04136,61.60017,59.40652,54.69442,14.61828,13.95162,13.71925,12.71087,2.6468,1.92564,1.16494,0.84888,5.30914,5.27342,5.27188,5.33265,33.10619,23.327,15.0475,10.4197,3.49283,2.40526,1.45915,0.83984,17.4,16.81,15.94,16.38,15.4,12.53,11.51,12.24,13.07,14.45,15.47,17.04,14.84,0.77,0.73,0.75,0.79,0.84,0.91,0.95,0.95,0.97,0.97,0.95,0.87,0.87,0.77,0.74,0.75,0.79,0.83,0.89,0.91,0.91,0.93,0.93,0.91,0.84,0.85,1.06,2.16,4.32,5.62,7.26,12.12,11.97,11.5,13,7.64,4.76,1.24,6.9,80.79,84.93,88.38,89.61,90.7,91.04,90.59,90.38,91.66,91.43,90.03,83.69,88.61,26,26.93,27.06,26.89,26.5,25.62,24.98,24.81,25.09,25.55,26.11,26.22,25.98,22.13,23.97,24.88,24.98,24.8,24.01,23.29,23.07,23.59,24.01,24.27,23.02,23.83,32.79,33.54,32.62,32.03,31.14,30.85,30.13,30.22,30.39,31.12,31.55,31.9,33.54,16.1,17.23,22.57,22.27,23.05,22.72,21.42,21.23,21.69,22.71,22.61,17.64,16.1,0.91,0.99,1,0.96,0.95,1.09,1.21,1.25,1.1,0.95,0.87,0.83,1.01,11.87282,11.9686,12.08442,12.21891,12.33211,12.39432,12.37192,12.27694,12.14882,12.02119,11.90803,11.8492,12.12061,0.54512,137.29182,134.71488,147.73633,137.10373,128.93216,112.61198,108.98816,111.65527,117.01535,123.84667,124.00827,130.29067,1514.19528,0.66307,0.6444,0.60613,0.59278,0.48448,0.42136,0.32483,0.37483,0.37277,0.42136,0.43307,0.55208,0.49093,0.66307,-93.29182,-48.71488,4.26367,61.89627,170.06784,314.38802,333.01184,236.34473,326.98465,207.15333,40.99173,-81.29067,-223.29737,1695.10209,1471.80472,3,1.972,672.70002,635.60002,706.79998,678.00001,678.89999,633.00001,629.29998,629.29998,618.00001,654.10001,651.00002,666.5,7853.20003,517.70002,495.60002,551.79998,528.00001,523.89999,483.00001,474.29998,474.29998,468.00001,499.10001,501.00002,511.5,6028.20003,362.70002,355.60002,396.79998,378.00001,368.89999,333.00001,319.29998,319.29998,318.00001,344.10001,351.00002,356.5,4203.20003,2.5,771.24999
L012,Abuja,7.39483,9.0788,0.62596,0.59206,0.44105,0.53111,0.59206,0.11946,26.57917,10.80833,61.41098,165.63185,35.7,18.1,17.6,24.96667,26.5,28.98333,24.96667,1356,280,1,94.67628,776,9,109,776,25.8,28.1,29.6,29.2,27.5,26,25.3,24.6,25.1,25.8,26.4,25.6,18.5,21.3,23.6,24,22.9,21.7,21.6,21,20.7,20.9,19.8,18.1,33.1,34.9,35.7,34.4,32.2,30.2,28.9,28.2,29.4,30.7,33,33.1,2,6,25,78,156,180,228,280,268,125,7,1,17399,18311,18474,18006,17441,15695,12814,11669,14266,16295,18087,17725,1.1,1.3,1.74,2.32,2.55,2.52,2.49,2.48,2.48,2.43,1.78,1.31,2.3,2.1,2,2.2,1.9,1.8,1.8,1.8,1.5,1.4,1.7,2.2,458,2.15148,231.34049,-6.125,25.625,112,1.37429,1.39008,1.39435,1.48305,1.97,1.72,1.8,11.01471,10.77699,13.67264,16.43342,8,19.08997,22.19687,28.40597,61.27924,62.45617,60.0578,55.30672,18.95462,19.38033,17.90829,16.82002,1.5971,1.13791,0.85457,0.63703,5.93144,5.9196,5.91791,5.88092,21.21916,13.86907,9.78804,6.66109,2.42874,1.84342,1.19038,0.75226,19.86,20.15,21.12,20.93,19.72,18.01,16.29,14.7,17.38,19.36,21,20.1,19.04,0.52,0.5,0.48,0.5,0.55,0.57,0.62,0.67,0.71,0.71,0.63,0.56,0.59,0.47,0.42,0.4,0.48,0.58,0.62,0.67,0.71,0.75,0.73,0.64,0.54,0.59,0.06,0.21,0.49,2.88,4.26,4.91,6.5,8.17,7.15,3.78,0.29,0.03,3.24,40.62,42.83,53.54,69.04,79.79,83.74,86.18,87.47,86.46,82.58,64.7,47.8,68.84,24.82,27.21,28.61,28,26.53,25.31,24.4,23.97,24.4,25,25.13,24.33,25.63,8.49,10.95,15.92,20.68,22.36,22.13,21.77,21.62,21.85,21.52,16.99,10.95,17.96,38.99,41.94,42.2,42.54,38.38,35.9,33.38,32.44,32.09,35.46,37.54,38.2,42.54,11.94,12.4,17.49,19.93,20.95,20.09,19.39,17.52,19.35,16.58,13.42,12.2,11.94,1.96,1.83,1.71,1.67,1.42,1.4,1.48,1.51,1.23,1.09,1.3,1.73,1.52,11.64535,11.8347,12.0603,12.318,12.5319,12.64853,12.60661,12.42795,12.18424,11.93758,11.71525,11.59826,12.12572,1.05027,156.51197,154.87891,177.406,161.55618,150.00114,131.76913,124.65424,123.72197,132.17191,140.21187,148.22219,153.73408,1754.83958,2.2219,2.502,2.40668,1.73221,1.12127,0.84144,0.73483,0.61308,0.7067,0.8919,1.66175,1.97277,1.45054,2.502,-154.51197,-148.87891,-152.406,-83.55618,5.99886,48.23087,103.34576,156.27803,135.82809,-15.21187,-141.22219,-152.73408,-848.5212,449.68161,-398.83958,7,0.77272,644.79998,646.80001,762.60001,726.00002,697.5,630,629.29998,607.60001,603.00001,644.79998,641.99999,638.60001,7873,489.79998,506.80001,607.60001,576.00002,542.5,480,474.29998,452.60001,453.00001,489.79998,491.99999,483.60001,6048,334.79998,366.80001,452.60001,426.00002,387.5,330,319.29998,297.60001,303.00001,334.79998,341.99999,328.60001,4223,5,757.83334
L013,Umudike,7.53993,5.48343,0.98424,1.89372,1.38722,0.70513,1.89372,0.63382,26.28333,8.5,75.22124,97.82482,32.6,21.3,11.3,25.01667,26.78333,27.53333,25.01667,2188,334,16,64.615,925,93,355,925,26.5,27.4,27.7,27.5,26.7,25.8,24.8,24.9,25.2,25.7,26.4,26.5,21.3,22.1,22.9,23.1,22.6,22.1,21.4,21.8,21.7,21.9,22,21.5,31.7,32.6,32.6,31.9,30.9,29.5,28.3,28.1,28.8,29.6,30.9,31.5,22,55,117,183,258,278,322,269,334,254,80,16,15764,16358,16600,16156,15195,13219,11527,11500,12510,14025,15316,15964,2.48,2.75,2.88,2.87,2.85,2.79,2.73,2.68,2.72,2.77,2.81,2.57,1.2,1.2,1.5,1.7,1.7,1.5,1.4,1.6,1.4,1.3,1.1,1,121,0.59298,225.99924,-3.625,8.375,24,1.4,1.4,1.4,1.5,8.27,7.2,6.2,6,8,9,11,15,18,24,29,76,76,70,65,7,7,6,6,2.5,1.9,1,0.8,5.2,5.2,5.2,5.2,27.2,23.1,12.8,8.9,3.4,2.2,1.3,0.7,18.14,17.58,17.47,17.71,16.99,15.07,13.51,13.49,14.73,16.16,17.25,17.93,16.33,0.7,0.66,0.65,0.67,0.69,0.73,0.78,0.82,0.88,0.92,0.9,0.79,0.77,0.71,0.67,0.67,0.68,0.71,0.75,0.78,0.81,0.86,0.89,0.86,0.78,0.77,0.49,1.21,2.5,4.53,5.66,7.68,7.33,8.04,10.25,7.46,3.13,0.41,4.9,74.37,80.03,86.02,87.68,89.07,90.17,90.13,89.96,90.8,90.6,87,77.88,86.16,24.58,26.17,26.69,26.61,26.24,25.37,24.84,24.74,24.96,25.27,25.75,24.96,25.51,19.3,22.09,23.98,24.26,24.19,23.56,23.03,22.9,23.29,23.55,23.28,20.55,22.83,33.04,34.23,33.58,33.72,32.98,31.86,30.91,30.75,31.25,31.22,32.12,32.68,34.23,12.67,14.11,18.98,21.09,22.02,21.3,19.56,20.2,20.59,20.78,18.17,13.89,12.67,1.46,1.44,1.46,1.48,1.42,1.62,1.81,1.93,1.59,1.28,1.06,1.19,1.48,11.83424,11.94587,12.08029,12.23565,12.36589,12.4373,12.4116,12.30247,12.15478,12.00698,11.87533,11.80665,12.12142,0.63065,140.93087,138.39686,154.43788,142.03314,135.78939,118.40659,116.28894,114.734,120.19977,127.19976,127.23772,135.18183,1570.83674,0.98208,0.89987,0.8344,0.80127,0.65307,0.5319,0.40024,0.46896,0.48571,0.53229,0.63175,0.89208,0.67613,0.98208,-118.93087,-83.39686,-37.43788,40.96686,122.21061,159.59341,205.71106,154.266,213.80023,126.80024,-47.23772,-119.18183,-406.18516,1023.34841,617.16326,5,1.39289,666.5,627.19999,703.70002,675,672.70002,623.99998,613.79998,616.89999,606.00002,641.70002,641.99999,666.5,7756.00001,511.5,487.19999,548.70002,525,517.70002,473.99998,458.79998,461.89999,456.00002,486.70002,491.99999,511.5,5931.00001,356.5,347.19999,393.70002,375,362.70002,323.99998,303.79998,306.89999,306.00002,331.70002,341.99999,356.5,4106.00001,2.9,759.58332
L014,Zaria,7.71612,11.08439,0.26803,-0.73467,-0.5042,0.43671,-0.73467,-0.15955,25.30417,12.80833,60.703,202.62436,35.5,14.4,21.1,24.16667,23.4,28.31667,23.4,1016,284,0,116.37263,686,1,152,1,22.9,25,27.4,29,28.5,25.8,24.2,23.8,24.5,25.3,24.3,22.9,14.9,16.6,19.8,22.5,23.1,20.9,20.1,19.7,19.7,18.9,16.2,14.4,30.9,33.3,35.1,35.5,33.9,30.6,28.3,27.9,29.3,31.7,32.5,31.5,0,1,6,31,115,130,219,284,183,46,1,0,17846,19596,19547,18812,18647,17649,15160,13718,16318,18144,18761,17985,0.62,0.66,0.95,1.76,2.25,2.39,2.4,2.4,2.39,2.04,1.12,0.82,2.7,2.6,2.6,2.6,2.3,2.4,2.3,2.1,1.5,1.6,2.2,2.6,632,0.52694,29.51311,-5.375,9.625,26,1.37266,1.38829,1.39677,1.46836,7.38286,6.63204,6.5428,10.75403,10.48047,13.3665,16.06083,2,21.15897,24.61343,31.25408,59.09905,60.41077,57.87877,52.76499,19.22109,19.7551,18.22028,17.01154,1.60261,1.13461,0.88925,0.6766,6.07779,6.0514,6.02138,6.01953,20.95442,13.51247,9.65542,6.92879,2.38088,1.87498,1.29388,0.83375,20.14,21.26,22.29,22.62,21.99,20.74,19.52,18.06,20.49,21.26,20.93,19.95,20.76,0.43,0.4,0.38,0.4,0.43,0.46,0.53,0.6,0.64,0.6,0.53,0.48,0.49,0.39,0.33,0.29,0.34,0.43,0.49,0.58,0.65,0.68,0.62,0.52,0.45,0.48,0.01,0.01,0.28,1.73,3.36,4.57,8.09,9.3,7.24,2.14,0.15,0,3.09,33.14,27.53,28.46,48.5,66.68,75.48,81.01,85.13,82.87,71.35,50.05,40.58,57.72,20.65,24.17,27.21,28.35,27.34,25.74,24.39,23.62,24.09,24.43,22.55,20.51,24.41,2.37,2.44,4.47,13.43,19.41,20.5,20.57,20.78,20.75,18.13,10.24,5.22,13.24,37.6,39.41,40.61,41.24,40.32,38.71,36.1,34.05,34.15,36.61,37.11,36.13,41.24,6.47,8.57,13.05,15.57,15.82,18.76,18.08,17.96,17.79,12.7,10.34,7.08,6.47,3.44,3.27,2.81,2.47,2.3,2.16,1.82,1.63,1.39,1.48,2.28,3.06,2.34,11.53853,11.77195,12.04918,12.36482,12.62618,12.76853,12.71737,12.49923,12.20111,11.89848,11.62479,11.48039,12.12838,1.28814,148.46017,156.85451,188.53862,180.39967,167.22557,142.46585,130.65247,130.46119,136.33234,155.86057,152.67585,148.99508,1838.92188,2.17249,2.50778,2.69987,2.24568,1.64138,0.9319,0.61993,0.54828,0.68465,1.18483,1.91807,1.97249,1.59395,2.69987,-148.46017,-155.85451,-182.53862,-149.39967,-52.22557,-12.46585,88.34753,153.53881,46.66766,-109.86057,-151.67585,-148.99508,-1111.47588,288.55401,-822.92188,9,0.5525,554.89999,560,694.39999,720,728.5,623.99998,595.20002,582.79998,585,629.29998,578.99998,554.89999,7407.9999,399.89999,420,539.39999,570,573.5,473.99998,440.20002,427.79998,435,474.29998,428.99998,399.89999,5582.9999,244.89999,280,384.39999,420,418.5,323.99998,285.20002,272.79998,285,319.29998,278.99998,244.89999,3757.9999,6.1,710.99999
L015,Uyo,7.97523,5.02692,0.59627,0.02404,0.36262,0.81114,0.02404,0.94715,26.4875,8.10833,75.77881,89.14049,32.4,21.7,10.7,25.28333,26.96667,27.56667,25.28333,2518,379,28,61.60826,1064,120,396,1064,26.7,27.5,27.8,27.5,27,26.3,25.1,25.2,25.6,26,26.6,26.7,21.9,22.6,23.1,23.1,23,22.6,21.7,22,22.2,22.3,22.5,22.2,31.5,32.4,32.4,31.8,31,30,28.4,28.3,29.1,29.7,30.7,31.2,28,64,146,186,255,313,366,319,379,306,128,28,15484,16170,16323,15968,14975,12935,11335,11516,12375,13741,14931,15467,2.66,2.91,3,2.98,2.96,2.93,2.89,2.82,2.85,2.89,2.94,2.74,1.5,1.4,1.8,1.9,1.9,1.7,1.7,1.7,1.8,1.7,1,1.4,54,0.53781,44.91734,-2.125,6.875,23,1.3,1.3,1.3,1.4,6.26,4.91,4.47,7,7,7,9,10,19,23,27,75,74,70,66,8,8,7,7,2.4,1.7,1.1,0.9,5.2,5.2,5.2,5.3,31.5,23.4,15.7,11.2,3.5,2.4,1.4,0.7,18.14,17.58,17.47,17.71,16.99,15.07,13.51,13.49,14.73,16.16,17.25,17.93,16.33,0.78,0.74,0.75,0.8,0.85,0.92,0.97,0.99,0.99,0.99,0.97,0.88,0.89,0.78,0.75,0.77,0.81,0.85,0.9,0.94,0.95,0.96,0.95,0.93,0.85,0.87,1.14,2.79,4.73,6.6,7.53,12.38,13.72,15.69,15.31,10.29,5.23,0.69,8.03,77.94,82.45,86.85,88.11,89.26,90.58,90.99,91,91.17,90.73,88.06,80.44,87.31,25.63,26.69,26.94,26.83,26.49,25.59,24.92,24.77,25.11,25.49,26.08,25.94,25.86,21.15,23.18,24.44,24.6,24.5,23.88,23.3,23.15,23.52,23.8,23.83,22.06,23.45,33.4,33.63,33.49,32.61,33.73,31.75,31.15,30.25,30.92,31.9,31.97,32.33,33.73,14.54,16.62,20.2,22,22.55,21.25,20.66,20.96,21.15,21.4,18.82,16.14,14.54,1.32,1.46,1.51,1.52,1.51,1.74,1.91,2,1.72,1.47,1.23,1.14,1.54,11.85806,11.95991,12.08284,12.22531,12.34503,12.41076,12.3871,12.28671,12.1511,12.01575,11.89552,11.83292,12.12092,0.57784,136.8046,134.50378,151.75474,141.03334,133.7491,119.22532,114.92973,115.27706,119.62912,125.92427,123.33148,129.64909,1545.81162,0.84307,0.76127,0.73613,0.69127,0.60534,0.49151,0.2967,0.38571,0.43277,0.47144,0.54252,0.76307,0.58507,0.84307,-108.8046,-70.50378,-5.75474,44.96666,121.2509,193.77468,251.07027,203.72294,259.37088,180.07573,4.66852,-101.64909,-286.7122,1258.90058,972.18838,4,1.62892,672.70002,630,706.79998,675,682,638.99998,623.10001,626.20002,618.00001,651,648.00001,672.70002,7844.50006,517.70002,490,551.79998,525,527,488.99998,468.10001,471.20002,468.00001,496,498.00001,517.70002,6019.50006,362.70002,350,396.79998,375,372,338.99998,313.10001,316.20002,318.00001,341,348.00001,362.70002,4194.50006,2.7,766.00001
L016,Kano,8.59708,12.00396,0.4105,-0.20511,-0.12797,0.60527,-0.20511,0.33867,26.68333,13.55,55.30613,296.11368,38.3,13.8,24.5,26.28333,23.08333,30.3,23.03333,783,267,0,138.67557,601,0,165,0,21.9,24.9,28.6,31.1,31.1,28.8,26.4,25.8,26.7,27.6,25,22.3,13.8,16.4,20.7,23.9,24.8,23.3,21.9,21.5,21.5,20.6,16.6,13.9,30,33.4,36.6,38.3,37.3,34.2,30.9,30.1,31.8,34.7,33.5,30.7,0,0,1,10,52,103,207,267,127,16,0,0,17940,19845,20169,19801,20355,19771,17620,16170,18796,19747,19169,18074,0.59,0.6,0.82,1.46,2.06,2.3,2.4,2.45,2.4,1.81,0.95,0.75,3,2.9,2.9,2.8,2.9,2.8,2.5,2.3,2.1,2,2.5,2.7,464,0.25611,19.81363,-3.5,4.75,13,1.3514,1.3702,1.38194,1.44895,4.72,4.72,4.71,10.59526,10.30063,13.15701,15.80396,10,22.00972,25.01709,31.50307,58.07835,59.13109,57.43419,52.05095,19.79369,19.86029,18.58292,17.19433,1.55174,1.12527,0.8725,0.65959,6.03286,6.03303,5.99448,5.98486,20.73883,13.66951,9.90703,6.97324,2.39475,1.88867,1.29048,0.83855,19.98,21.28,22.8,23.61,23.23,22.23,21,20.15,21.97,22.04,21.11,19.8,21.59,0.26,0.24,0.23,0.22,0.23,0.25,0.3,0.37,0.39,0.35,0.31,0.28,0.29,0.21,0.18,0.16,0.18,0.23,0.29,0.38,0.47,0.46,0.36,0.28,0.24,0.29,0,0,0.26,0.61,1.55,2.37,4.63,6.59,3.5,0.73,0.25,0,1.72,23.91,19.23,16.95,28.17,43.69,54.13,63.88,74.61,71.11,53.1,33.84,28.74,42.74,20.75,24.27,27.87,30.8,31.31,30.17,28.13,26.44,27.04,27.08,24.09,21.24,26.6,-1.89,-2.08,-1.39,6.68,15.15,18.61,19.7,20.9,20.43,14.85,5.4,1.02,9.84,38.92,40.64,42.6,44.05,43.12,43.02,41.9,39.32,40,39.89,38.69,37.46,44.05,5.88,8.49,12.86,13.62,16.33,20.45,20.12,18.9,18.02,12.45,9.96,7,5.88,1.17,1.21,1.24,1.22,1.16,0.96,0.56,0.29,0.24,0.4,0.67,0.97,0.84,11.4891,11.74294,12.04408,12.38655,12.66992,12.82419,12.76875,12.5323,12.20897,11.88043,11.58294,11.42582,12.12967,1.39837,143.64682,156.35918,196.40973,198.57965,190.9877,162.57661,144.96224,140.42646,148.21626,170.95553,155.99214,143.24862,1952.36095,2.03786,2.54896,3.09401,3.05823,2.45823,1.65961,1.04175,0.8719,1.10307,1.88278,2.21778,1.94266,1.99307,3.09401,-143.64682,-156.35918,-195.40973,-188.57965,-138.9877,-59.57661,62.03776,126.57354,-21.21626,-154.95553,-155.99214,-143.24862,-1357.97225,188.6113,-1169.36095,10,0.40105,523.89999,557.19999,731.60001,783.00001,809.10001,713.99998,663.39999,644.79998,651.00002,700.60001,600,536.29998,7914.89997,368.89999,417.19999,576.60001,633.00001,654.10001,563.99998,508.39999,489.79998,501.00002,545.60001,450,381.29998,6089.89997,213.89999,277.19999,421.60001,483.00001,499.10001,413.99998,353.39999,334.79998,351.00002,390.60001,300,226.29998,4264.89997,9.2,704.83333
L017,Kiyaka,21.74921,-4.03622,0.73119,1.25733,0.71895,0.66637,1.25733,0.51926,24.76667,9.76667,85.67252,40.63884,30.4,19,11.4,24.68333,24.31667,25.33333,24.31667,1695,232,23,47.58191,642,137,457,137,24.7,24.9,25.3,25.3,25.4,24.6,24,24.4,24.6,24.7,24.7,24.7,20,20.2,20.4,20.5,20.4,19.2,19,19.4,19.5,19.9,20,20.1,29.4,29.6,30.2,30.1,30.4,29.9,29,29.4,29.7,29.6,29.3,29.2,156,135,171,176,110,23,28,86,168,213,232,197,13730,14541,14267,13943,14919,15098,14369,15023,16475,15340,13959,13282,2.6,2.62,2.64,2.69,2.67,2.49,2.49,2.57,2.55,2.6,2.52,2.64,1,1.1,1.2,1.2,1.3,1,1,1.4,1.1,1.2,1.1,1,460,1.10192,6.0469,8.625,19.375,57,1.2,1.2,1.3,1.4,11.52,9.58,8.4,2,3,3,3,29,32,35,37,44,44,42,40,24,24,23,23,2.3,1.7,1,0.7,4.9,4.9,4.9,4.9,30.2,24.7,14.6,10.3,3.6,2.9,1.9,1.1,16.83,17.66,18.32,17.94,16.96,16.08,15.22,14.9,17.16,18.07,17.78,16.68,16.96,0.48,0.45,0.44,0.45,0.42,0.35,0.28,0.29,0.36,0.42,0.49,0.51,0.41,0.56,0.53,0.53,0.54,0.49,0.37,0.27,0.32,0.45,0.52,0.59,0.6,0.48,4.03,4.9,4.96,4.54,3.39,1.02,0.82,2.89,5.54,6.14,6.33,5.44,4.16,81.27,79.87,81.79,84.73,80.3,64.21,51.97,64.42,77.4,84.07,86.31,85.7,76.8,25.18,25.8,25.6,25.28,25.57,26.22,27.39,27.33,25.87,24.97,24.52,24.5,25.69,21.46,21.71,21.94,22.29,21.49,17.89,15.35,19.08,21.11,21.79,21.88,21.76,20.63,36.84,37.18,37.78,36.48,35.63,37,37.63,38.52,39.63,38.42,35.28,35.92,39.63,19.03,19.62,18.57,19.52,18.42,15.7,16.07,17.08,19.04,20.01,19.65,18.86,15.7,0.32,0.31,0.31,0.3,0.32,0.36,0.37,0.29,0.28,0.28,0.29,0.31,0.31,12.32949,12.23829,12.13459,12.02291,11.93533,11.8893,11.90572,11.97735,12.07999,12.19031,12.2954,12.35272,12.11262,0.46341,142.6496,131.83119,149.19458,135.39269,132.66035,124.02741,124.2555,134.34302,140.99163,146.17523,137.33187,138.87177,1637.72485,0.51161,0.52896,0.58483,0.53483,0.57404,0.60308,0.49392,0.48631,0.54308,0.51161,0.59161,0.47161,0.53629,0.60308,13.3504,3.16881,21.80542,40.60731,-22.66035,-101.02741,-96.2555,-48.34302,27.00837,66.82477,94.66813,58.12823,-268.28629,325.56143,57.27515,4,1.03497,610.70002,557.19999,629.29998,608.99998,632.39999,588.00001,589,601.39999,588.00001,610.70002,591.00002,610.70002,7217.40004,455.70002,417.19999,474.29998,458.99998,477.39999,438.00001,434,446.39999,438.00001,455.70002,441.00002,455.70002,5392.40004,300.70002,277.19999,319.29998,308.99998,322.39999,288.00001,279,291.39999,288.00001,300.70002,291.00002,300.70002,3567.40004,1.4,727.75
L018,Kabangwe,28.29936,-15.37425,0,-1.55484,-1.21204,0,-1.55484,-1.4503,20.65,13.23333,57.28716,269.53665,31.4,8.3,23.1,21.95,17,23.45,16.95,807,208,0,118.22101,566,0,107,5,22,21.8,21.5,20.5,18.5,16.2,16.1,18.7,22.4,24.2,23.7,22,16.9,16.6,15.9,14,11.1,8.6,8.3,10.8,14.6,17.1,17.5,17,27.1,27.1,27.2,27.1,25.9,23.9,23.9,26.5,30.2,31.4,29.9,27,208,174,98,31,5,0,0,0,2,18,87,184,17261,17122,18659,18189,16773,16015,16575,18418,20756,22072,19297,17491,1.98,2.03,1.97,1.67,1.32,1.08,0.98,0.98,1.06,1.28,1.6,1.96,2.4,2.3,2.7,2.6,2.7,2.7,3.5,3.7,4,4,3.4,2.8,1231,0.48395,63.2766,-4.125,8.375,24,1.34964,1.38242,1.39525,1.43103,1.96,1.78,1.74,5.97196,6.3299,8.01118,9.46659,22.35284,24.97811,29.87321,37.58311,58.12482,58.16117,54.56951,49.72321,17.96635,17.91409,16.74667,15.64173,1.76983,1.23603,0.97176,0.71933,6.0955,6.0807,6.05527,6.07989,22.3429,14.81692,10.15901,7.9278,2.58224,1.98882,1.44962,0.92469,20.07,20.28,20.18,19.88,19.31,17.53,18.15,21.12,23.42,24.6,22.62,20.44,20.63,0.77,0.79,0.74,0.64,0.58,0.57,0.56,0.56,0.56,0.56,0.59,0.7,0.64,0.78,0.8,0.73,0.59,0.38,0.23,0.19,0.16,0.15,0.2,0.45,0.7,0.45,6.69,5.29,3.04,0.92,0.1,0.02,0.02,0.01,0.02,0.35,2.69,6.6,2.14,80.59,82.3,78.3,66.56,52.91,49.49,47.27,38.87,33.27,35.71,51.79,74.71,57.54,22.44,22.12,22.06,21.36,19.96,17.92,17.39,20.29,23.88,26.64,25.94,23.34,21.94,18.54,18.64,17.55,13.87,8.7,5.69,4.28,3.92,4.88,8.5,13.64,17.93,11.31,35.61,34.81,36.64,35.8,33.13,31.86,32.06,36.28,38.77,40.86,40.52,37.39,40.86,15.1,13.1,11.93,10.62,9.41,5.96,6.21,6.53,9.06,12.75,14.36,14.75,5.96,1.97,1.93,2.22,2.59,2.57,2.74,2.95,3.29,3.86,4.06,3.15,2.16,2.79,12.94385,12.60193,12.20537,11.76604,11.4109,11.22025,11.28857,11.58252,11.99237,12.41965,12.81665,13.03016,12.10652,1.80991,151.26031,134.30165,143.35429,128.55181,116.72333,99.05715,106.30617,129.72501,157.90297,178.82725,166.39572,150.01055,1662.4162,0.66393,0.58187,0.59442,0.74164,0.80978,0.76165,0.84993,1.1766,1.64908,1.73993,1.33061,0.68393,0.96528,1.73993,56.73969,39.69835,-45.35429,-97.55181,-111.72333,-99.05715,-106.30617,-129.72501,-155.90297,-160.82725,-79.39572,33.98945,-985.8437,130.4275,-855.4162,9,0.48544,527,470.39998,511.5,465,418.5,336.00002,344.10001,424.70002,521.99999,595.20002,561.00002,527,5702.40007,372,330.39998,356.5,315,263.5,186.00002,189.10001,269.70002,371.99999,440.20002,411.00002,372,3877.40007,217,190.39998,201.5,165,108.5,36.00002,34.10001,114.70002,221.99999,285.20002,261.00002,217,2052.40007,8.1,528.33333
L019,Masaka,31.61589,-0.32531,0.18511,-0.84281,-0.7232,0.19983,-0.84281,-0.85967,21.11667,10.51667,81.52454,56.13835,27.6,14.7,12.9,21.21667,20.41667,21.85,20.41667,1009,159,25,48.34925,410,114,225,114,21.8,22,21.7,21.2,20.7,20.5,20.2,20.5,21,21.3,21.2,21.1,16.3,16.4,16.4,16.4,15.9,15.2,14.7,15.1,15.5,16.1,16.3,16,27.4,27.6,27,26.1,25.5,25.8,25.7,26,26.5,26.6,26.1,26.2,52,59,114,159,137,36,25,53,83,94,112,85,16193,16649,16769,16154,15716,15420,15530,15474,16526,16626,16038,16368,1.97,1.97,2.02,2.08,2.06,1.89,1.8,1.87,1.95,2,2.02,1.99,1.9,1.8,1.9,1.8,1.9,2.1,2.1,1.7,1.7,1.8,1.8,1.7,1254,1.10399,358.39723,16.75,23.25,52,1.3,1.3,1.3,1.4,19.18,18.68,18.11,7,8,9,10,32,36,41,43,40,40,36,35,24,24,23,22,3.5,2.5,1.6,0.9,5.9,5.8,5.8,5.8,36.2,31,17.5,15,4.2,3.3,2.4,1.3,18.35,19.39,18.45,17.65,17.37,17.58,18.07,17.71,18.29,18.04,17.14,17.37,17.94,0.51,0.49,0.52,0.57,0.59,0.54,0.5,0.49,0.49,0.5,0.54,0.54,0.52,0.5,0.48,0.53,0.58,0.6,0.53,0.48,0.47,0.48,0.5,0.55,0.54,0.52,2.55,3.06,4.85,5.64,4.69,1.21,1.14,2.1,3.11,4.04,4.99,3.38,3.4,65.3,64.51,70.69,76.96,76.57,69.25,65.08,64.65,66.28,70.61,74.11,69.39,69.46,23.78,24.39,23.65,22.73,22.47,22.49,22.43,23.12,23.41,23,22.52,23.16,23.09,16.63,17.01,17.85,18.4,18.09,16.49,15.41,15.96,16.63,17.24,17.6,17.08,17.03,30.89,31.87,30.8,30.16,27.32,27.58,28.07,28.66,29.28,28.69,29.06,30.98,31.87,16.03,17.05,17.59,18.12,17.44,16.11,16.06,17.02,18.34,18.16,17.27,16.85,16.03,2.35,2.34,2.26,2.49,2.99,3.22,3.36,2.82,2.36,2.23,1.93,2.16,2.54,12.13612,12.12399,12.11307,12.1054,12.10262,12.10229,12.10232,12.1036,12.10876,12.11852,12.13134,12.13953,12.11563,0.03724,139.25145,131.30978,141.86924,125.59068,120.28592,116.88353,123.69184,130.84713,134.82266,137.85821,125.21878,129.18829,1556.8175,0.64187,0.67393,0.57597,0.43772,0.38154,0.52164,0.56739,0.54164,0.53701,0.5332,0.49772,0.51232,0.53516,0.67393,-87.25145,-72.30978,-27.86924,33.40932,16.71408,-80.88353,-98.69184,-77.84713,-51.82266,-43.85821,-13.21878,-44.18829,-597.94091,50.12341,-547.8175,10,0.64812,520.79998,476,517.70002,486.00002,486.70002,465,471.20002,480.5,480,505.29998,486.00002,499.10001,5874.30008,365.79998,336,362.70002,336.00002,331.70002,315,316.20002,325.5,330,350.29998,336.00002,344.10001,4049.30008,210.79998,196,207.70002,186.00002,176.70002,165,161.20002,170.5,180,195.29998,186.00002,189.10001,2224.30008,1.8,615.00001
L020,Namulonge,32.63158,0.51344,0.20768,-0.74588,-0.6636,0.29036,-0.74588,-0.59209,21.78333,11.06667,83.20802,53.78128,28.7,15.4,13.3,22.13333,22.1,22.36667,21.05,1211,161,57,34.4155,417,200,236,223,22.2,22.4,22.5,22.1,21.8,21.3,20.7,21.2,21.5,22,22.1,21.7,15.7,16.2,16.8,17.2,16.9,16.2,15.4,15.8,15.9,16.5,16.5,15.9,28.7,28.6,28.2,27,26.7,26.4,26,26.5,27.1,27.5,27.6,27.5,57,61,118,161,138,67,65,91,110,129,132,82,17705,18109,18285,17309,16728,16508,15417,16199,17764,17817,17477,17733,1.96,2,2.09,2.18,2.18,2.07,1.99,2.01,2.06,2.09,2.06,2.01,2.4,2.6,2.6,2.2,2.1,2.3,2.4,2.6,2.4,2.2,2.5,2.4,1128,1.16293,143.31356,-4.75,14.25,55,1.3,1.4,1.4,1.5,17.67,12.54,11.5,6,6,7,8,30,33,39,49,46,46,42,34,21,21,19,17,2.9,1.4,1.2,0.7,5.5,5.5,5.5,5.5,40.7,21,15,8.8,3.9,2.5,1.9,1.1,20.31,21.14,20.51,19.36,18.63,17.48,17.54,18.19,19.57,19.41,19.3,19.4,19.22,0.67,0.66,0.68,0.72,0.74,0.71,0.67,0.67,0.68,0.7,0.72,0.71,0.69,0.66,0.64,0.68,0.75,0.76,0.72,0.68,0.68,0.69,0.71,0.74,0.71,0.7,2.1,2.34,4.77,6.48,5.11,2.11,1.84,2.84,3.91,5.11,5.52,3.73,3.82,65.96,65.11,72.8,80.58,82.5,76.99,72.36,72.24,73.35,77,78.23,71.78,74.11,23.5,24.29,23.55,22.3,21.6,21.44,21.51,22.07,22.4,22.12,21.97,22.62,22.44,15.84,16.28,17.76,18.55,18.35,17,15.95,16.45,17.02,17.57,17.71,16.65,17.1,37.12,37.93,35.86,33.37,29.06,30.95,31.52,31.55,32.6,32.44,33.43,36.02,37.93,12.53,13.23,16.19,16.49,15.34,14.51,12.49,13.82,15.48,15.65,14.62,13.73,12.49,1.51,1.6,1.5,1.39,1.57,1.72,1.81,1.48,1.27,1.22,1.22,1.4,1.47,12.09258,12.09827,12.10828,12.12408,12.14044,12.15042,12.14675,12.13215,12.11531,12.10238,12.0944,12.09153,12.11638,0.0589,150.86416,138.79984,149.93793,129.64431,125.9859,118.21375,124.13326,132.74869,137.90961,143.06232,135.25006,138.50941,1625.05925,0.71633,0.70908,0.63559,0.48009,0.43187,0.4632,0.45154,0.50772,0.50442,0.55393,0.60009,0.58597,0.55332,0.71633,-93.86416,-77.79984,-31.93793,31.35569,12.0141,-51.21375,-59.13326,-41.74869,-27.90961,-14.06232,-3.25006,-56.50941,-457.42904,43.3698,-414.05925,10,0.7452,533.20002,487.19999,542.5,513.00001,520.79998,488.99998,486.70002,502.20002,495,527,513.00001,517.70002,6127.30006,378.20002,347.19999,387.5,363.00001,365.79998,338.99998,331.70002,347.20002,345,372,363.00001,362.70002,4302.30006,223.20002,207.19999,232.5,213.00001,210.79998,188.99998,176.70002,192.20002,195,217,213.00001,207.70002,2477.30006,1.8,631.91666
L021,Ngetta,32.93214,2.28555,0.27998,-0.28967,-0.47265,0.28838,-0.28967,-0.59794,23.175,12.95,77.54491,113.60816,32.7,16,16.7,21.9,24.28333,24.76667,21.9,1354,184,20,51.93879,496,91,136,449,24.5,25,24.8,23.7,22.8,22.4,21.6,21.8,22.4,22.8,23.2,23.4,16.4,17.3,17.8,17.7,17.2,16.8,16.2,16.2,16.2,16.3,16.3,16,32.6,32.7,31.8,29.6,28.3,27.9,26.9,27.4,28.5,29.3,30.1,30.7,20,34,82,165,174,117,148,184,164,142,87,37,19773,19847,19792,18481,18405,17900,16111,17701,19525,19920,18983,19362,1.67,1.74,1.91,2.09,2.15,2.08,2.05,2.06,2.03,2.02,1.94,1.8,2.4,2.5,2.6,2.5,2.3,2.3,2.3,2.5,2.6,2.2,2.2,2.4,1110,0.62656,187.08335,21.125,21.125,32,1.3,1.3,1.3,1.3,19.4,18.35,17.89,10,11,13,15,33,36,41,48,38,39,36,32,25,25,23,20,2.7,1.8,1.8,1.4,6.3,6.2,6.2,6.2,34.4,23.8,17.4,9.9,3.2,2.8,2,1.1,22.32,22.74,21.85,21.22,20.89,19.24,18.56,20.02,22.07,21.82,21.22,21.62,21.12,0.36,0.36,0.37,0.4,0.43,0.41,0.4,0.42,0.42,0.42,0.41,0.38,0.4,0.3,0.28,0.32,0.4,0.45,0.42,0.41,0.44,0.44,0.43,0.41,0.35,0.39,0.52,0.63,1.65,3.54,3.89,2.74,2.63,3.67,4.16,3.6,2.15,1.24,2.54,40.99,38.88,47.88,61.76,70.75,68.52,67.92,69.69,65.38,64.29,61.86,50.06,59.09,26.69,27.84,27.6,25.85,24.36,23.87,23.47,23.48,24.58,24.93,24.74,25.52,25.23,10.78,10.86,13.83,16.75,18.05,17.02,16.51,16.98,16.68,16.72,15.86,12.86,15.26,38.43,40.63,39.99,38.94,36.64,35.22,34.63,34.62,36.52,37.42,35.98,37.16,40.63,13.8,15.58,17.06,17.26,16.47,16.2,15.11,15.8,15.83,15.97,15.43,13.68,13.68,2.84,3.07,2.6,1.95,1.3,1.19,1.26,1.3,1.38,1.68,2.28,2.77,1.96,12.00061,12.04397,12.09823,12.16365,12.22048,12.25229,12.2408,12.19261,12.12925,12.06836,12.0164,11.99013,12.11807,0.26216,174.60477,162.68621,175.10431,149.68607,139.64377,129.34786,129.97549,139.43282,147.98648,157.21631,152.22621,159.10519,1817.01548,1.40465,1.42778,1.22024,0.84061,0.62563,0.62908,0.53015,0.55187,0.67908,0.75563,0.9036,1.07813,0.8872,1.42778,-154.60477,-128.68621,-93.10431,15.31393,34.35623,-12.34786,18.02451,44.56718,16.01352,-15.21631,-65.22621,-122.10519,-591.29087,128.27538,-463.01548,7,0.74518,604.5,560,613.79998,561.00002,551.79998,521.99999,514.60001,520.79998,521.99999,551.79998,546.00002,570.39999,6638.69993,449.5,420,458.79998,411.00002,396.79998,371.99999,359.60001,365.79998,371.99999,396.79998,396.00002,415.39999,4813.69993,294.5,280,303.79998,261.00002,241.79998,221.99999,204.60001,210.79998,221.99999,241.79998,246.00002,260.39999,2988.69993,3.4,663
L022,Ukiriguru,33.05651,-2.71708,0.10765,-0.98518,-0.92776,0.12879,-0.98518,-1.06964,22.47083,11.725,76.13637,57.46376,29.9,14.5,15.4,22.56667,21.78333,23.18333,21.78333,978,160,8,69.95926,404,30,243,30,22.4,22.5,22.8,22.5,22.4,21.8,21.4,22.1,23.1,23.6,22.8,22.3,17,16.9,17.3,17.4,17,15.1,14.5,15.2,16.4,17.6,17.6,17.3,27.7,28,28.3,27.5,27.8,28.5,28.4,29,29.9,29.6,28,27.3,98,110,134,160,72,12,8,10,25,64,154,131,17936,18690,18561,18243,17731,18774,19599,20452,20236,19484,17693,17413,1.96,1.96,1.98,2.01,1.87,1.59,1.43,1.48,1.57,1.7,1.88,1.93,2.4,2.4,2.2,2.7,2.4,2.4,3.8,3.2,2.9,2.8,2.3,2.6,1259,0.86299,181.53952,10.25,16.25,38,1.4,1.4,1.4,1.4,15.24,14.2,13.47,8,8,9,12,17,19,21,28,67,66,64,59,14,15,15,13,1.3,1,0.9,0.7,6.5,6.5,6.5,6.4,19.6,11.9,10.5,8.2,2.5,1.9,1.4,1,21.03,22.58,22.05,21.06,20.84,20.43,21.28,21.74,22.15,21.83,20.87,20.53,21.36,0.62,0.58,0.59,0.63,0.62,0.54,0.5,0.49,0.51,0.54,0.62,0.66,0.57,0.63,0.58,0.6,0.65,0.62,0.5,0.35,0.33,0.42,0.52,0.65,0.68,0.54,2.84,2.71,4.53,4.8,2.32,0.59,0.39,1.04,1.87,3.97,6.38,4.4,2.98,68.07,65.55,68.93,72.79,68.9,59.18,50.02,49.23,53.27,61.2,71.22,71.17,63.27,23.59,24.25,24.02,23.41,23.2,23.21,23.59,24.68,25.29,24.82,23.44,23.23,23.89,17.02,16.86,17.47,17.88,16.71,14.16,11.84,12.56,14.33,16.12,17.59,17.45,15.82,32.74,34.12,34.38,33.24,31.3,31.06,31.97,32.65,34.42,33.86,32.91,32.84,34.42,17.14,16.53,17.35,17.52,14.51,12.85,13.19,15.44,15.81,17.49,17.84,17.68,12.85,2.22,2.42,2.47,2.67,3.23,3.53,3.82,3.48,3.03,2.95,2.41,2.22,2.87,12.26056,12.19753,12.12687,12.05223,11.99484,11.96509,11.97567,12.02225,12.09018,12.16469,12.23691,12.27672,12.11363,0.31163,142.17922,134.25618,148.84334,130.82802,130.0968,131.90288,139.59088,150.76387,156.88829,157.62126,137.2113,135.45608,1695.63812,0.74908,0.76559,0.79563,0.71559,0.83908,1.02187,1.11877,1.18009,1.25648,1.21302,0.89563,0.76266,0.94279,1.25648,-44.17922,-24.25618,-14.84334,29.17198,-58.0968,-119.90288,-131.59088,-140.76387,-131.88829,-93.62126,16.7887,-4.45608,-763.5988,45.96068,-717.63812,10,0.57677,539.39999,490,551.79998,525,539.39999,503.99998,508.39999,530.10001,543.00001,576.60001,533.99998,536.29998,6377.99991,384.39999,350,396.79998,375,384.39999,353.99998,353.39999,375.10001,393.00001,421.60001,383.99998,381.29998,4552.99991,229.39999,210,241.79998,225,229.39999,203.99998,198.39999,220.10001,243.00001,266.60001,233.99998,226.29998,2727.99991,2.2,653.74999
L023,Serere,33.55399,1.50126,0.14171,-1.04462,-0.83781,0.33313,-1.04462,-0.46568,23.89583,11.84167,75.90813,107.64965,32.8,17.2,15.6,23.36667,25.2,25.31667,22.6,1282,177,28,46.58961,457,114,163,365,25.6,25.5,24.8,23.8,23.3,23,22.3,22.6,23.3,23.9,24.1,24.5,18.5,18.5,18.6,18.4,18.2,17.8,17.2,17.2,17.5,17.9,17.9,18,32.8,32.4,31.1,29.2,28.5,28.1,27.4,27.9,29.1,29.9,30.4,31,28,42,93,177,176,104,105,156,122,135,100,44,19278,19782,19488,18436,17869,17402,15992,17041,19123,19170,18403,19037,1.76,1.82,1.96,2.12,2.17,2.09,2.04,2.04,2.03,2.03,1.96,1.86,2.6,2.7,2.8,2,2.3,2.3,2.5,2.5,2.5,2.4,2.3,2.5,1117,0.37588,80.47827,-1.125,4.875,20,1.3,1.3,1.4,1.4,20.28,19.46,18.94,10,11,12,14,33,38,43,45,38,39,35,34,24,24,22,21,2.4,1.4,1.4,0.9,6,6,6,6,30.7,23.4,20,12.5,3.2,2.8,1.9,1.1,23.07,23.94,23.49,22.5,21.7,19.94,19.55,21.11,23.08,22.71,22.01,22.4,22.11,0.4,0.39,0.4,0.44,0.47,0.45,0.44,0.45,0.46,0.46,0.46,0.43,0.43,0.36,0.34,0.38,0.46,0.51,0.47,0.46,0.49,0.49,0.49,0.48,0.41,0.45,0.98,1.31,2.57,5.04,4.82,2.91,2.75,3.79,4.34,4.31,3.13,1.72,3.15,46.81,44.52,53.05,67.02,75.32,72.24,69.21,70.32,68.15,67.91,65.68,55.08,63.03,26.38,27.44,27.13,25.21,23.63,23.18,23.15,23.43,24.21,24.55,24.49,25.28,24.83,12.49,12.45,14.97,17.61,18.53,17.39,16.64,17.2,17.31,17.48,16.75,14.29,16.11,37.68,39.8,39.61,38.43,35.45,33.57,32.98,34.34,35.51,36.83,35.25,36.91,39.8,15.1,14.87,15.82,17.31,17.24,15.82,14.98,16.51,16.35,17.21,15.37,14.2,14.2,2.36,2.37,1.97,1.58,1.41,1.39,1.47,1.38,1.35,1.4,1.84,2.33,1.73,12.04132,12.068,12.10267,12.14612,12.18503,12.20717,12.19914,12.16582,12.12307,12.08341,12.05092,12.03501,12.11731,0.17216,169.81843,157.23397,165.70226,142.49674,135.24914,125.36376,128.13952,138.37899,146.88117,155.78554,149.25236,155.1398,1769.44168,1.52277,1.44336,1.17024,0.82828,0.69082,0.71944,0.65266,0.70218,0.83082,0.93605,1.04187,1.21465,0.97943,1.52277,-141.81843,-115.23397,-72.70226,34.50326,40.75086,-21.36376,-23.13952,17.62101,-24.88117,-20.78554,-49.25236,-111.1398,-580.31681,92.87513,-487.44168,9,0.72452,638.60001,574,613.79998,563.99998,567.29998,540,536.29998,545.60001,548.99998,585.89999,573.00001,604.5,6891.99991,483.60001,434,458.79998,413.99998,412.29998,390,381.29998,390.60001,398.99998,430.89999,423.00001,449.5,5066.99991,328.60001,294,303.79998,263.99998,257.29998,240,226.29998,235.60001,248.99998,275.89999,273.00001,294.5,3241.99991,3.3,684.91667
L024,Chitala,34.26912,-13.6671,0.17658,-0.58889,-0.74572,0.10304,-0.58889,-1.14574,23.24167,11.03333,57.76614,230.03786,32.3,13.2,19.1,24.46667,21.36667,25.78333,20.05,955,267,0,128.06633,690,1,231,2,24.2,24.1,24.2,23.7,21.5,19.6,19.5,21,23.6,25.9,26.4,25.1,20,19.9,19.8,18.8,15.7,13.3,13.2,14.4,16.8,19.4,20.8,20.6,28.4,28.4,28.7,28.6,27.4,25.9,25.9,27.6,30.3,32.3,32.1,29.5,267,246,159,46,3,2,0,0,1,3,51,177,15863,16182,17276,17579,17113,15657,15941,18457,21002,22184,20099,16513,2.42,2.43,2.36,2.15,1.75,1.48,1.41,1.45,1.58,1.79,2.05,2.32,1.9,1.9,1.8,2.3,2.1,2.3,2.5,2.6,3,3,2.7,2.1,599,0.75571,43.09755,3,10,33,1.5,1.5,1.5,1.5,9.55,9.45,9.83,2,2,3,6,21,25,33,43,65,65,58,49,11,10,9,8,1.3,1.1,0.9,0.7,6.2,6.2,6.2,6.2,14.4,13.1,7.9,6.8,1.9,1.6,1.3,0.8,18.84,19.92,20.61,20.84,19.67,17.92,18.21,20.51,23.17,24.72,24.28,20.88,20.8,0.78,0.81,0.77,0.67,0.56,0.52,0.52,0.51,0.51,0.52,0.53,0.63,0.61,0.83,0.85,0.81,0.66,0.46,0.25,0.19,0.17,0.15,0.19,0.32,0.63,0.46,9.21,7.76,4.97,1.41,0.24,0.05,0.06,0.06,0.1,0.34,1.94,7.52,2.79,74.03,74.38,73.54,68.9,62.15,57.21,54.87,49.52,45.11,44.06,48.8,66.63,59.88,26.38,26.27,26.06,25.2,23.79,22.45,22.11,24.4,27.23,29.73,30.21,27.72,25.96,21.22,21.21,20.8,18.79,15.64,12.99,11.95,12.38,13.51,15.47,17.58,20.61,16.83,34.4,34.11,32.69,32.5,32.08,31.5,31.95,33.61,36.41,37.85,38.37,36.57,38.37,20.73,19.12,18.25,16.97,16.17,13.69,13.59,14.36,15.6,17.73,18.95,21.28,13.59,2.95,2.86,3.32,4.18,4.03,4.14,4.32,3.9,3.93,4.27,4.14,3.04,3.76,12.84767,12.545,12.19407,11.80572,11.4923,11.32428,11.38447,11.64369,12.00571,12.38367,12.73507,12.92406,12.10714,1.59978,143.41001,127.42426,136.69661,122.47325,115.35361,102.07444,108.69095,129.08304,152.73156,176.63973,167.77488,150.75171,1633.10405,0.59993,0.57187,0.65993,0.78061,0.81442,0.80101,0.85688,1.03701,1.33302,1.55162,1.39175,0.8667,0.93873,1.55162,123.58999,118.57574,22.30339,-76.47325,-112.35361,-100.07444,-108.69095,-129.08304,-151.73156,-173.63973,-116.77488,26.24829,-968.82146,290.71741,-678.10405,8,0.58478,595.20002,534.80001,595.20002,561.00002,511.5,438.00001,449.5,496,558.00001,647.89999,641.99999,623.10001,6652.20009,440.20002,394.80001,440.20002,411.00002,356.5,288.00001,294.5,341,408.00001,492.89999,491.99999,468.10001,4827.20009,285.20002,254.80001,285.20002,261.00002,201.5,138.00001,139.5,186,258.00001,337.89999,341.99999,313.10001,3002.20009,6.9,623.33333
L025,Chambezi,38.91227,-6.51581,0.38106,-0.25958,-0.20571,0.41164,-0.25958,-0.23363,26.63333,9.18333,68.0247,146.61842,33.1,19.6,13.5,27.28333,24.78333,28.36667,24.78333,1114,259,23,73.15784,558,87,276,87,28.3,28.5,28.2,27.2,26.4,25.4,24.7,24.6,25.1,26,27.2,27.9,24,24,23.8,23.5,22.5,20.9,19.9,19.6,19.7,20.8,22.3,23.5,32.6,33.1,32.7,30.9,30.3,29.9,29.4,29.6,30.5,31.3,32.1,32.3,74,71,131,259,168,39,28,23,36,69,103,113,18242,19203,17692,14627,14427,14231,14236,15882,17065,18497,18770,18358,2.9,2.9,3.01,2.99,2.77,2.48,2.35,2.36,2.42,2.59,2.8,2.9,3.5,3.5,2.4,2.6,3.2,3.3,3.6,3.4,3.3,3.5,3.7,3.3,30,0.14947,297.90405,-1,2.5,8,1.3,1.4,1.4,1.4,14.97,13.14,13.11,3,3,3,4,23,24,26,27,61,62,60,59,14,14,14,14,1.4,0.9,0.8,0.5,6.2,6.2,6.2,6.4,17.6,10.3,8.6,6.4,2.1,1.7,1.3,0.9,21.48,21.68,19.97,17.21,16.85,16.52,16.27,16.35,18.25,19.74,20.47,21.32,18.83,0.51,0.51,0.53,0.6,0.6,0.54,0.5,0.47,0.46,0.47,0.5,0.51,0.52,0.51,0.51,0.55,0.63,0.61,0.53,0.48,0.44,0.41,0.44,0.51,0.52,0.51,3.6,3.1,5.36,8.54,4.41,0.66,0.43,0.57,1.05,2.87,5.08,4.59,3.35,77.82,76.95,80.2,84.25,82.87,76.85,72.84,71.1,69.58,71.23,76.04,78.44,76.51,27.36,27.54,27.38,26.46,25.32,24.37,24.27,24.89,25.85,26.77,27.12,27.37,26.22,22.85,22.8,23.41,23.39,21.93,19.59,18.44,18.6,19.18,20.52,22.11,23,21.31,35.56,37.26,36.95,35.27,34.93,32.72,32.73,33.63,34.41,36.65,35.14,35.37,37.26,21.8,22.49,21.4,19.86,17.81,15.5,15.83,16.75,18.33,20.67,21.06,22.13,15.5,2.25,1.99,1.52,1.7,2.01,2.14,2.26,2.37,2.5,2.32,1.93,2.04,2.09,12.45998,12.31549,12.14933,11.96768,11.82304,11.74625,11.7737,11.89268,12.0609,12.23889,12.40613,12.49657,12.11089,0.75032,151.25741,142.31035,151.63048,122.18484,116.55225,111.94386,119.27064,132.16656,145.83372,157.92136,152.15837,150.49091,1653.72076,0.94646,0.99138,0.81417,0.61739,0.67175,0.76404,0.76161,0.73308,0.7667,0.77144,0.80739,0.85798,0.79195,0.99138,-77.25741,-71.31035,-20.63048,136.81516,51.44775,-72.94386,-91.27064,-109.16656,-109.83372,-88.92136,-49.15837,-37.49091,-727.98368,188.26292,-539.72076,10,0.67363,722.29998,658,719.20002,666.00002,663.39999,611.99999,610.70002,607.60001,603.00001,651,666.00002,709.89999,7889.10006,567.29998,518,564.20002,516.00002,508.39999,461.99999,455.70002,452.60001,453.00001,496,516.00002,554.89999,6064.10006,412.29998,378,409.20002,366.00002,353.39999,311.99999,300.70002,297.60001,303.00001,341,366.00002,399.89999,4239.10006,3.9,758.25001
L026,Mkuranga,39.1921,-7.13937,0.06506,-1.43672,-1.04021,0.27146,-1.43672,-0.64796,25.5625,8.625,67.38281,150.7274,31.5,18.7,12.8,26.2,23.71667,27.35,23.7,1205,289,30,74.19452,607,104,304,119,27.4,27.5,27.2,26.2,25.2,24.1,23.4,23.6,24.2,25.1,26,26.9,23.6,23.4,23.1,22.4,21.3,19.7,18.8,18.7,19,20.3,21.7,23,31.1,31.5,31.4,29.9,29.1,28.6,28,28.4,29.4,29.9,30.3,30.9,77,81,146,289,172,45,42,32,30,57,121,113,17808,18382,17253,14623,14777,14806,14811,16577,17837,18943,18739,17977,2.85,2.85,2.92,2.87,2.62,2.34,2.23,2.23,2.28,2.47,2.71,2.82,2.2,2.1,2.1,2.1,3.1,3.1,3,2.8,2.6,2.6,2.6,2.6,113,0.18786,155.53422,8,8.75,27,1.3,1.3,1.4,1.4,11.35,11.75,11.19,5,5,6,7,22,25,29,35,63,62,59,54,13,13,12,11,1.7,1.3,0.9,0.5,5.9,5.9,5.9,5.9,21.8,13.6,8.2,6.9,2.7,1.9,1.2,0.9,21.19,21.4,19.94,17.52,17.08,17.47,18.15,20.01,22.13,22.75,22.77,22.01,20.2,0.52,0.51,0.55,0.66,0.69,0.58,0.47,0.41,0.39,0.41,0.46,0.5,0.51,0.51,0.5,0.56,0.69,0.71,0.57,0.44,0.37,0.3,0.35,0.45,0.5,0.5,2.91,2.83,5.01,8.61,4.87,0.8,0.4,0.45,0.79,2.2,4.25,4.09,3.1,77.47,76.75,78.8,81.29,80.21,75.7,73.2,72.63,72.27,73.17,75.69,77.04,76.18,27.79,27.95,27.97,27.41,26.42,25.43,24.93,25.1,25.74,26.68,27.41,27.93,26.72,23.39,23.37,23.87,23.87,22.67,20.7,19.63,19.67,20.2,21.32,22.61,23.43,22.05,32.28,33.93,33.93,32.8,31.7,29.64,29.06,29.3,30.25,32.15,31.93,32.28,33.93,24.02,24.21,24.82,23.03,21.6,20.41,20.03,21.32,21.83,22.67,23.79,24.92,20.03,4.2,3.65,2.88,3.78,4.71,5.06,5.26,4.93,4.73,4.33,3.54,3.63,4.23,12.49303,12.33506,12.15309,11.95375,11.79468,11.7101,11.74034,11.8713,12.05611,12.25121,12.43418,12.53301,12.11049,0.82291,139.21034,131.71354,143.17744,119.76275,112.54573,106.98638,112.82634,126.38333,139.83302,148.13595,139.36426,140.28365,1560.22272,0.79987,0.82127,0.68739,0.53139,0.58571,0.66187,0.64813,0.68302,0.73993,0.7167,0.65144,0.72448,0.6876,0.82127,-62.21034,-50.71354,2.82256,169.23725,59.45427,-61.98638,-70.82634,-94.38333,-109.83302,-91.13595,-18.36426,-27.28365,-586.73679,231.51407,-355.22272,9,0.77233,694.39999,630,688.20002,636.00002,626.20002,573.00001,570.39999,576.60001,576.00002,623.10001,630,678.89999,7502.80009,539.39999,490,533.20002,486.00002,471.20002,423.00001,415.39999,421.60001,426.00002,468.10001,480,523.89999,5677.80009,384.39999,350,378.20002,336.00002,316.20002,273.00001,260.39999,266.60001,276.00002,313.10001,330,368.89999,3852.80009,4.1,723.66666
